Time,Location,MaxTemperature,AvgTemperature,MinTemperature,MaxDewPoint,AvgDewPoint,MinDewPoint,MaxHumidity,AvgHumidity,MinHumidity,MaxWindspeed,AvgWindspeed,MinWindspeed
2021-1-1,HoChiMinh,30.0,25.2,23.0,17.0,16.2,16.0,65,57.2,45,12,7.3,5
2021-1-2,HoChiMinh,31.0,25.8,22.0,19.0,17.2,16.0,73,59.5,45,12,6.5,2
2021-1-3,HoChiMinh,32.0,26.9,22.0,23.0,19.9,17.0,83,67.0,46,7,4.1,0
2021-1-4,HoChiMinh,33.0,27.8,24.0,25.0,21.2,18.0,94,70.0,41,10,4.6,1
2021-1-5,HoChiMinh,32.0,27.6,24.0,25.0,21.9,19.0,89,72.3,46,9,4.0,1
2021-1-6,HoChiMinh,32.0,27.9,24.0,24.0,21.4,19.0,84,68.6,46,7,4.3,1
2021-1-7,HoChiMinh,34.0,28.2,24.0,24.0,21.2,16.0,94,68.5,34,10,3.9,0
2021-1-8,HoChiMinh,34.0,27.7,24.0,24.0,22.3,19.0,94,74.2,43,10,3.5,0
2021-1-9,HoChiMinh,33.0,27.2,23.0,21.0,18.3,16.0,78,59.6,36,9,4.3,1
2021-1-10,HoChiMinh,31.0,26.0,21.0,22.0,18.7,17.0,83,65.1,46,7,3.6,0
2021-1-11,HoChiMinh,32.0,26.4,22.0,22.0,18.0,16.0,83,61.8,38,10,4.5,1
2021-1-12,HoChiMinh,31.0,25.2,21.0,17.0,14.9,14.0,73,54.4,35,10,6.5,3
2021-1-13,HoChiMinh,28.0,23.3,19.0,19.0,15.7,14.0,78,63.0,45,9,4.5,1
2021-1-14,HoChiMinh,30.0,24.4,18.0,20.0,18.4,17.0,94,71.1,48,9,3.8,1
2021-1-15,HoChiMinh,31.0,25.4,21.0,21.0,18.8,16.0,100,68.6,43,12,4.3,0
2021-1-16,HoChiMinh,32.0,28.1,24.0,22.0,19.0,16.0,83,59.8,38,12,6.8,3
2021-1-17,HoChiMinh,32.0,26.3,22.0,21.0,17.6,14.0,94,62.0,33,13,6.3,1
2021-1-18,HoChiMinh,31.0,25.7,20.0,19.0,14.8,11.0,78,53.0,31,12,6.3,1
2021-1-19,HoChiMinh,28.0,23.9,20.0,20.0,15.9,13.0,83,61.4,48,9,4.0,0
2021-1-20,HoChiMinh,31.0,26.5,21.0,23.0,19.2,17.0,88,66.1,43,8,3.8,0
2021-1-21,HoChiMinh,32.0,27.2,24.0,24.0,21.4,18.0,94,74.0,43,10,5.3,1
2021-1-22,HoChiMinh,31.0,26.4,24.0,24.0,22.9,21.0,94,82.5,55,8,5.6,2
2021-1-23,HoChiMinh,32.0,27.1,24.0,24.0,22.4,18.0,100,77.7,43,14,4.7,0
2021-1-24,HoChiMinh,31.0,26.9,24.0,23.0,22.0,20.0,89,74.7,52,12,5.0,1
2021-1-25,HoChiMinh,32.0,26.9,24.0,24.0,22.3,21.0,94,76.8,52,13,4.3,0
2021-1-26,HoChiMinh,33.0,27.9,25.0,23.0,21.0,18.0,89,68.1,41,12,4.1,0
2021-1-27,HoChiMinh,33.0,27.6,24.0,23.0,21.4,19.0,89,70.2,46,10,4.8,0
2021-1-28,HoChiMinh,33.0,27.2,24.0,24.0,21.5,19.0,89,72.3,43,12,4.9,0
2021-1-29,HoChiMinh,33.0,27.1,23.0,21.0,17.6,14.0,78,58.2,31,9,4.9,2
2021-1-30,HoChiMinh,31.0,26.1,21.0,21.0,18.2,16.0,88,62.7,46,8,3.9,1
2021-1-31,HoChiMinh,34.0,27.2,24.0,22.0,20.0,16.0,83,66.3,34,13,4.4,1
2021-2-1,HoChiMinh,33.0,27.1,24.0,23.0,20.7,17.0,89,69.7,38,13,4.7,0
2021-2-2,HoChiMinh,33.0,26.7,23.0,22.0,19.0,15.0,94,64.8,36,12,5.4,1
2021-2-3,HoChiMinh,32.0,26.7,23.0,21.0,19.6,18.0,83,66.8,43,10,4.2,1
2021-2-4,HoChiMinh,34.0,27.3,21.0,22.0,18.9,16.0,89,62.4,34,9,3.7,1
2021-2-5,HoChiMinh,33.0,27.8,25.0,23.0,21.5,19.0,89,70.3,43,12,5.2,2
2021-2-6,HoChiMinh,33.0,27.5,24.0,23.0,21.3,18.0,89,70.3,43,12,4.1,0
2021-2-7,HoChiMinh,31.0,27.2,24.0,24.0,22.6,21.0,94,77.1,55,12,4.0,0
2021-2-8,HoChiMinh,32.0,26.3,23.0,24.0,23.0,22.0,100,83.3,55,10,5.1,1
2021-2-9,HoChiMinh,33.0,28.0,24.0,24.0,21.9,19.0,94,71.9,43,10,4.5,1
2021-2-10,HoChiMinh,32.0,27.8,25.0,24.0,22.6,20.0,89,74.2,52,9,4.5,0
2021-2-11,HoChiMinh,29.0,26.3,25.0,24.0,22.9,22.0,89,82.6,70,8,4.5,0
2021-2-12,HoChiMinh,32.0,26.4,24.0,23.0,21.3,18.0,89,74.6,46,13,4.9,0
2021-2-13,HoChiMinh,31.0,26.2,23.0,22.0,20.4,17.0,94,71.8,43,13,5.0,1
2021-2-14,HoChiMinh,30.0,25.2,23.0,21.0,20.3,18.0,88,75.0,48,13,6.6,1
2021-2-15,HoChiMinh,31.0,24.9,21.0,22.0,20.3,19.0,100,76.5,52,12,5.9,0
2021-2-16,HoChiMinh,31.0,25.4,22.0,21.0,19.9,16.0,94,73.2,40,15,7.8,1
2021-2-17,HoChiMinh,32.0,26.5,22.0,20.0,18.4,15.0,88,64.1,36,12,6.3,1
2021-2-18,HoChiMinh,31.0,26.2,20.0,21.0,17.8,13.0,94,61.7,33,9,3.1,0
2021-2-19,HoChiMinh,33.0,26.8,21.0,20.0,16.2,14.0,74,53.6,31,12,5.2,1
2021-2-20,HoChiMinh,33.0,26.8,22.0,20.0,15.9,8.0,78,54.5,21,10,4.6,1
2021-2-21,HoChiMinh,33.0,26.3,22.0,21.0,17.6,14.0,94,61.8,31,12,4.7,1
2021-2-22,HoChiMinh,31.0,25.8,23.0,21.0,19.1,17.0,88,67.8,43,14,6.7,0
2021-2-23,HoChiMinh,33.0,26.2,22.0,22.0,19.8,16.0,94,70.0,36,14,5.3,1
2021-2-24,HoChiMinh,32.0,26.7,24.0,22.0,21.2,20.0,89,72.5,49,13,6.6,3
2021-2-25,HoChiMinh,32.0,27.1,23.0,23.0,21.7,21.0,89,72.9,52,10,5.6,1
2021-2-26,HoChiMinh,33.0,27.8,25.0,24.0,22.8,21.0,89,76.3,49,10,6.5,2
2021-2-27,HoChiMinh,33.0,28.3,26.0,24.0,22.9,21.0,89,74.1,49,10,6.2,2
2021-2-28,HoChiMinh,34.0,28.4,25.0,24.0,22.1,20.0,89,69.8,46,15,9.2,5
2021-3-1,HoChiMinh,34.0,28.6,25.0,24.0,22.4,21.0,89,70.8,46,13,9.0,5
2021-3-2,HoChiMinh,34.0,28.8,25.0,24.0,22.6,21.0,89,71.1,49,14,8.3,5
2021-3-3,HoChiMinh,35.0,28.9,25.0,23.0,21.5,18.0,89,66.7,36,12,6.5,2
2021-3-4,HoChiMinh,36.0,29.4,25.0,22.0,20.3,18.0,83,60.2,34,14,9.2,5
2021-3-5,HoChiMinh,36.0,28.7,24.0,22.0,18.9,12.0,83,58.7,23,16,10.7,5
2021-3-6,HoChiMinh,35.0,28.7,23.0,23.0,19.7,16.0,88,60.5,32,13,6.7,1
2021-3-7,HoChiMinh,35.0,28.9,25.0,23.0,21.3,19.0,89,65.1,41,15,9.0,2
2021-3-8,HoChiMinh,35.0,29.3,25.0,23.0,19.6,14.0,89,58.4,28,13,6.4,1
2021-3-9,HoChiMinh,35.0,29.1,25.0,23.0,20.4,16.0,83,61.7,32,14,7.2,2
2021-3-10,HoChiMinh,35.0,29.2,25.0,22.0,20.2,15.0,83,60.0,30,13,5.8,2
2021-3-11,HoChiMinh,35.0,29.5,25.0,23.0,20.2,16.0,83,59.1,32,17,7.7,2
2021-3-12,HoChiMinh,35.0,30.0,26.0,21.0,18.7,14.0,74,52.6,28,12,6.4,1
2021-3-13,HoChiMinh,35.0,29.6,26.0,22.0,19.1,16.0,78,55.3,32,14,6.3,1
2021-3-14,HoChiMinh,35.0,28.3,24.0,23.0,20.7,14.0,94,66.1,28,17,6.8,1
2021-3-15,HoChiMinh,34.0,28.2,25.0,22.0,21.2,19.0,83,66.5,41,13,6.2,2
2021-3-16,HoChiMinh,33.0,27.9,25.0,23.0,22.4,21.0,89,72.4,52,14,7.7,3
2021-3-17,HoChiMinh,33.0,28.1,25.0,23.0,21.8,19.0,89,69.6,46,12,7.6,2
2021-3-18,HoChiMinh,33.0,28.5,25.0,24.0,22.6,21.0,89,71.8,52,13,7.8,3
2021-3-19,HoChiMinh,34.0,29.3,26.0,24.0,23.3,21.0,89,71.8,46,12,7.5,2
2021-3-20,HoChiMinh,33.0,29.2,27.0,25.0,23.9,22.0,89,74.4,55,10,7.1,3
2021-3-21,HoChiMinh,35.0,29.5,27.0,25.0,23.3,21.0,84,70.8,44,16,7.3,1
2021-3-22,HoChiMinh,36.0,30.3,25.0,24.0,21.8,16.0,89,63.6,30,12,5.8,1
2021-3-23,HoChiMinh,36.0,30.1,26.0,24.0,20.6,17.0,79,58.4,32,12,5.9,0
2021-3-24,HoChiMinh,36.0,30.4,27.0,23.0,21.1,18.0,79,59.3,36,17,7.7,2
2021-3-25,HoChiMinh,36.0,30.4,27.0,24.0,21.7,19.0,74,60.3,37,12,7.1,2
2021-3-26,HoChiMinh,36.0,29.9,26.0,23.0,21.6,19.0,78,61.8,37,16,9.4,5
2021-3-27,HoChiMinh,36.0,30.2,27.0,24.0,22.3,19.0,84,64.7,37,13,8.8,2
2021-3-28,HoChiMinh,36.0,29.8,26.0,24.0,22.3,19.0,89,66.9,37,14,8.1,2
2021-3-29,HoChiMinh,35.0,29.7,27.0,25.0,22.9,20.0,89,68.8,41,12,6.5,1
2021-3-30,HoChiMinh,36.0,29.4,27.0,26.0,23.8,21.0,89,73.6,41,10,6.7,2
2021-3-31,HoChiMinh,36.0,30.2,27.0,26.0,24.3,21.0,89,72.4,41,12,7.1,1
2021-4-1,HoChiMinh,36.0,30.4,27.0,25.0,23.2,19.0,89,67.5,37,12,7.3,2
2021-4-2,HoChiMinh,37.0,31.1,28.0,27.0,24.0,19.0,94,68.5,35,13,6.6,1
2021-4-3,HoChiMinh,35.0,28.9,23.0,26.0,24.0,22.0,100,76.8,47,16,6.8,0
2021-4-4,HoChiMinh,34.0,29.1,24.0,26.0,23.9,22.0,94,74.6,49,16,7.9,2
2021-4-5,HoChiMinh,34.0,29.5,26.0,25.0,22.9,20.0,94,69.0,46,10,6.6,1
2021-4-6,HoChiMinh,36.0,30.4,26.0,24.0,20.4,16.0,89,57.5,32,12,8.2,3
2021-4-7,HoChiMinh,36.0,30.3,26.0,24.0,21.6,18.0,83,62.3,34,12,6.6,2
2021-4-8,HoChiMinh,33.0,28.8,27.0,25.0,23.7,22.0,89,75.0,55,13,6.3,1
2021-4-9,HoChiMinh,32.0,28.5,25.0,25.0,24.3,22.0,89,79.3,62,12,6.0,1
2021-4-10,HoChiMinh,35.0,29.2,26.0,25.0,24.1,20.0,94,75.4,41,12,5.0,1
2021-4-11,HoChiMinh,35.0,29.7,27.0,26.0,22.8,20.0,84,67.3,41,12,7.8,5
2021-4-12,HoChiMinh,35.0,29.3,26.0,24.0,22.9,21.0,89,69.7,44,14,7.2,3
2021-4-13,HoChiMinh,34.0,29.7,27.0,25.0,24.3,23.0,89,73.7,55,13,8.1,2
2021-4-14,HoChiMinh,35.0,30.0,28.0,26.0,23.9,21.0,89,70.7,47,10,6.3,2
2021-4-15,HoChiMinh,35.0,28.8,24.0,27.0,24.4,22.0,100,78.9,47,12,4.7,0
2021-4-16,HoChiMinh,34.0,28.3,22.0,26.0,23.4,20.0,100,76.4,46,31,6.6,0
2021-4-17,HoChiMinh,33.0,28.3,22.0,25.0,24.1,22.0,100,79.8,55,18,4.3,1
2021-4-18,HoChiMinh,32.0,28.4,25.0,26.0,24.6,23.0,100,80.8,59,12,5.7,1
2021-4-19,HoChiMinh,33.0,28.7,26.0,26.0,24.1,22.0,94,77.9,52,18,4.5,0
2021-4-20,HoChiMinh,34.0,29.7,26.0,26.0,24.5,22.0,94,75.0,49,14,5.0,0
2021-4-21,HoChiMinh,33.0,29.6,27.0,26.0,25.7,23.0,94,79.8,55,10,6.7,3
2021-4-22,HoChiMinh,32.0,27.9,24.0,26.0,24.8,24.0,100,84.1,66,13,5.1,1
2021-4-23,HoChiMinh,33.0,27.9,25.0,26.0,24.8,24.0,94,84.4,59,10,4.8,0
2021-4-24,HoChiMinh,34.0,29.1,26.0,26.0,24.8,22.0,100,79.5,49,14,4.7,0
2021-4-25,HoChiMinh,35.0,29.6,26.0,25.0,24.2,21.0,94,74.6,46,14,5.8,0
2021-4-26,HoChiMinh,35.0,30.3,26.0,26.0,24.7,22.0,94,73.4,47,13,6.4,1
2021-4-27,HoChiMinh,34.0,29.8,26.0,26.0,24.9,21.0,94,76.1,46,10,6.0,1
2021-4-28,HoChiMinh,34.0,30.0,27.0,26.0,24.2,20.0,94,72.3,44,12,7.2,1
2021-4-29,HoChiMinh,35.0,30.1,28.0,25.0,23.5,20.0,84,68.9,44,13,7.1,1
2021-4-30,HoChiMinh,35.0,30.4,28.0,26.0,23.7,21.0,84,68.4,44,14,8.0,2
2021-5-1,HoChiMinh,35.0,30.4,27.0,26.0,24.6,22.0,94,72.2,49,13,8.7,3
2021-5-2,HoChiMinh,36.0,30.8,28.0,25.0,24.2,21.0,84,69.0,44,12,8.7,5
2021-5-3,HoChiMinh,36.0,30.9,28.0,26.0,23.8,19.0,89,67.3,41,14,8.3,5
2021-5-4,HoChiMinh,37.0,31.1,26.0,25.0,23.1,19.0,89,64.6,37,12,6.3,2
2021-5-5,HoChiMinh,37.0,31.7,28.0,25.0,22.4,19.0,74,59.8,35,15,9.6,5
2021-5-6,HoChiMinh,37.0,30.3,26.0,26.0,23.8,20.0,94,70.0,39,15,8.4,1
2021-5-7,HoChiMinh,35.0,29.4,25.0,26.0,23.9,21.0,94,74.2,44,12,6.0,1
2021-5-8,HoChiMinh,34.0,29.2,27.0,27.0,25.3,22.0,94,79.2,55,13,4.2,0
2021-5-9,HoChiMinh,37.0,30.7,28.0,27.0,24.8,21.0,89,72.2,39,12,6.8,2
2021-5-10,HoChiMinh,35.0,30.8,28.0,26.0,24.7,22.0,89,70.8,47,14,7.3,5
2021-5-11,HoChiMinh,35.0,30.9,28.0,26.0,24.9,23.0,89,71.3,49,13,6.8,3
2021-5-12,HoChiMinh,36.0,30.7,28.0,26.0,25.3,22.0,89,73.4,44,10,4.9,1
2021-5-13,HoChiMinh,36.0,31.3,29.0,27.0,25.2,22.0,89,70.7,44,10,5.6,2
2021-5-14,HoChiMinh,35.0,30.8,29.0,27.0,25.9,24.0,89,75.0,56,12,6.8,3
2021-5-15,HoChiMinh,34.0,29.2,27.0,27.0,26.0,24.0,100,83.1,56,10,4.9,1
2021-5-16,HoChiMinh,36.0,30.4,26.0,27.0,25.6,22.0,100,77.2,44,12,5.5,0
2021-5-17,HoChiMinh,34.0,29.6,26.0,28.0,26.7,25.0,100,84.4,63,14,5.3,1
2021-5-18,HoChiMinh,34.0,29.5,26.0,27.0,25.7,23.0,100,81.1,52,10,4.7,1
2021-5-19,HoChiMinh,35.0,29.2,26.0,27.0,25.9,24.0,100,82.9,53,13,3.9,0
2021-5-20,HoChiMinh,35.0,30.5,26.0,27.0,24.5,21.0,100,73.1,44,10,4.2,0
2021-5-21,HoChiMinh,34.0,28.7,25.0,27.0,26.1,23.0,100,86.1,63,17,5.0,0
2021-5-22,HoChiMinh,33.0,28.0,25.0,26.0,25.7,24.0,100,88.3,63,18,5.8,0
2021-5-23,HoChiMinh,32.0,27.4,25.0,27.0,25.8,25.0,100,91.4,70,17,5.5,0
2021-5-24,HoChiMinh,30.0,27.0,25.0,27.0,25.4,24.0,100,91.6,74,10,5.3,0
2021-5-25,HoChiMinh,28.0,25.1,23.0,26.0,24.6,23.0,100,97.3,84,12,3.6,0
2021-5-26,HoChiMinh,30.0,27.0,24.0,26.0,25.0,24.0,100,89.1,74,12,4.8,0
2021-5-27,HoChiMinh,31.0,27.3,25.0,27.0,26.0,25.0,100,92.6,75,14,3.4,0
2021-5-28,HoChiMinh,33.0,29.1,26.0,27.0,25.7,24.0,100,82.7,59,8,4.2,1
2021-5-29,HoChiMinh,35.0,29.3,26.0,27.0,25.8,24.0,100,82.3,56,16,4.9,1
2021-5-30,HoChiMinh,35.0,30.6,26.0,28.0,25.4,22.0,100,76.0,47,8,4.7,0
2021-5-31,HoChiMinh,34.0,30.7,27.0,28.0,26.5,25.0,100,78.7,59,13,7.8,5
2021-6-1,HoChiMinh,34.0,29.8,28.0,28.0,26.7,25.0,94,83.0,59,13,6.6,2
2021-6-2,HoChiMinh,34.0,28.7,24.0,28.0,25.6,22.0,100,86.3,52,17,5.5,1
2021-6-3,HoChiMinh,35.0,30.3,26.0,28.0,26.0,24.0,100,78.9,53,9,5.3,0
2021-6-4,HoChiMinh,35.0,30.9,27.0,28.0,25.9,22.0,100,76.2,47,10,6.7,1
2021-6-5,HoChiMinh,35.0,30.1,27.0,28.0,25.9,24.0,100,79.1,53,13,8.9,5
2021-6-6,HoChiMinh,33.0,28.6,27.0,28.0,25.9,24.0,94,85.8,66,22,6.9,1
2021-6-7,HoChiMinh,33.0,28.3,24.0,27.0,25.7,24.0,100,86.6,59,24,10.0,2
2021-6-8,HoChiMinh,29.0,26.4,24.0,27.0,24.8,24.0,100,91.3,79,18,6.1,0
2021-6-9,HoChiMinh,32.0,28.1,25.0,27.0,25.1,23.0,100,85.1,62,21,5.8,1
2021-6-10,HoChiMinh,32.0,27.9,26.0,27.0,25.2,23.0,100,85.4,62,17,8.5,1
2021-6-11,HoChiMinh,33.0,28.3,25.0,26.0,24.8,23.0,100,83.3,55,15,8.2,2
2021-6-12,HoChiMinh,32.0,27.9,25.0,26.0,24.1,22.0,100,81.2,59,20,9.8,3
2021-6-13,HoChiMinh,33.0,28.9,26.0,26.0,24.8,23.0,94,79.4,62,16,9.7,1
2021-6-14,HoChiMinh,34.0,29.1,27.0,27.0,24.8,23.0,94,79.3,52,23,8.9,2
2021-6-15,HoChiMinh,33.0,27.7,25.0,27.0,25.8,24.0,100,90.2,63,15,6.0,0
2021-6-16,HoChiMinh,33.0,29.1,26.0,28.0,25.9,24.0,100,83.5,62,12,5.7,1
2021-6-17,HoChiMinh,35.0,29.7,25.0,27.0,25.2,22.0,100,78.9,47,12,4.5,0
2021-6-18,HoChiMinh,34.0,29.8,26.0,26.0,25.2,22.0,100,77.9,52,13,5.6,0
2021-6-19,HoChiMinh,34.0,29.7,27.0,28.0,26.3,23.0,100,82.3,59,15,7.2,2
2021-6-20,HoChiMinh,35.0,29.7,25.0,27.0,25.2,21.0,100,78.3,44,15,8.0,2
2021-6-21,HoChiMinh,32.0,28.6,25.0,27.0,25.6,24.0,100,83.7,70,18,9.0,1
2021-6-22,HoChiMinh,32.0,28.2,25.0,27.0,25.9,25.0,100,87.9,66,20,9.3,6
2021-6-23,HoChiMinh,33.0,28.1,25.0,27.0,25.6,24.0,100,86.8,66,22,7.0,1
2021-6-24,HoChiMinh,34.0,29.4,25.0,27.0,25.4,24.0,100,80.0,56,12,5.9,0
2021-6-25,HoChiMinh,34.0,29.1,26.0,27.0,25.9,23.0,100,83.7,52,13,7.0,0
2021-6-26,HoChiMinh,34.0,29.7,27.0,27.0,26.0,24.0,100,81.3,59,9,6.6,2
2021-6-27,HoChiMinh,35.0,30.4,27.0,27.0,24.9,20.0,100,73.9,44,12,6.6,2
2021-6-28,HoChiMinh,35.0,30.4,27.0,27.0,25.2,22.0,94,74.8,47,16,8.4,5
2021-6-29,HoChiMinh,35.0,30.2,27.0,27.0,25.6,22.0,100,77.5,47,12,6.3,1
2021-6-30,HoChiMinh,34.0,29.5,27.0,28.0,26.3,24.0,100,82.8,56,13,7.4,3
2021-7-1,HoChiMinh,35.0,30.2,27.0,27.0,24.9,21.0,100,75.5,44,13,7.7,2
2021-7-2,HoChiMinh,35.0,30.8,27.0,28.0,25.1,21.0,94,72.5,47,12,7.5,5
2021-7-3,HoChiMinh,36.0,30.6,27.0,27.0,25.4,23.0,100,75.3,47,13,5.7,2
2021-7-4,HoChiMinh,33.0,28.8,27.0,29.0,26.3,22.0,100,86.5,70,21,6.1,1
2021-7-5,HoChiMinh,32.0,27.6,25.0,28.0,26.2,24.0,100,92.3,70,14,4.5,0
2021-7-6,HoChiMinh,31.0,27.6,25.0,28.0,25.8,25.0,100,90.4,79,21,6.9,0
2021-7-7,HoChiMinh,34.0,27.8,25.0,26.0,24.9,23.0,100,86.0,52,26,8.3,2
2021-7-8,HoChiMinh,31.0,27.3,25.0,27.0,25.3,25.0,100,89.0,70,13,7.2,3
2021-7-9,HoChiMinh,31.0,27.9,25.0,26.0,24.4,22.0,100,82.3,58,14,7.4,1
2021-7-10,HoChiMinh,33.0,29.4,26.0,26.0,24.4,23.0,94,75.9,55,9,5.6,0
2021-7-11,HoChiMinh,35.0,30.1,27.0,26.0,24.4,21.0,94,72.9,44,12,4.7,0
2021-7-12,HoChiMinh,35.0,29.5,26.0,27.0,24.7,22.0,100,76.7,47,14,5.3,1
2021-7-13,HoChiMinh,34.0,29.2,25.0,26.0,24.6,21.0,100,77.3,49,9,3.9,1
2021-7-14,HoChiMinh,33.0,27.9,25.0,26.0,25.0,24.0,100,85.2,62,9,4.3,1
2021-7-15,HoChiMinh,33.0,27.2,25.0,26.0,24.9,24.0,100,88.5,62,14,5.1,0
2021-7-16,HoChiMinh,34.0,28.7,24.0,26.0,24.0,22.0,100,77.3,55,12,5.9,0
2021-7-17,HoChiMinh,33.0,29.3,26.0,26.0,24.4,23.0,100,76.9,55,15,8.3,3
2021-7-18,HoChiMinh,33.0,28.5,26.0,26.0,24.8,22.0,94,81.4,52,24,11.0,1
2021-7-19,HoChiMinh,33.0,26.3,22.0,27.0,23.4,21.0,100,85.5,59,25,6.7,0
2021-7-20,HoChiMinh,33.0,27.4,25.0,26.0,23.9,22.0,94,82.5,63,17,6.2,0
2021-7-21,HoChiMinh,31.0,27.7,26.0,27.0,24.7,23.0,100,84.8,62,21,10.8,3
2021-7-22,HoChiMinh,32.0,27.3,23.0,26.0,25.0,22.0,100,87.8,70,17,9.0,1
2021-7-23,HoChiMinh,31.0,27.2,23.0,27.0,25.9,23.0,100,92.8,75,23,8.8,3
2021-7-24,HoChiMinh,33.0,29.4,27.0,27.0,25.9,25.0,100,82.3,63,22,13.0,7
2021-7-25,HoChiMinh,32.0,27.6,24.0,26.0,24.8,24.0,100,86.2,62,21,9.7,2
2021-7-26,HoChiMinh,33.0,28.9,26.0,26.0,25.1,24.0,94,80.7,63,20,11.7,5
2021-7-27,HoChiMinh,33.0,27.8,25.0,27.0,25.7,25.0,100,89.3,70,25,11.2,6
2021-7-28,HoChiMinh,31.0,27.3,25.0,27.0,25.1,23.0,100,88.3,75,26,11.1,6
2021-7-29,HoChiMinh,32.0,27.0,25.0,27.0,25.6,24.0,100,92.5,70,20,9.4,3
2021-7-30,HoChiMinh,32.0,28.3,25.0,27.0,25.4,25.0,100,85.4,66,17,10.1,1
2021-7-31,HoChiMinh,33.0,29.6,26.0,27.0,25.8,25.0,100,80.3,63,16,11.5,6
2021-8-1,HoChiMinh,34.0,28.8,26.0,26.0,25.6,24.0,100,83.6,59,18,11.8,7
2021-8-2,HoChiMinh,32.0,28.8,26.0,27.0,25.9,25.0,100,84.7,66,18,12.8,6
2021-8-3,HoChiMinh,33.0,29.3,27.0,26.0,25.5,24.0,94,80.6,63,22,14.1,8
2021-8-4,HoChiMinh,33.0,28.9,26.0,26.0,25.7,24.0,100,82.9,63,21,12.6,5
2021-8-5,HoChiMinh,33.0,29.1,27.0,27.0,25.9,25.0,94,83.3,66,20,14.1,9
2021-8-6,HoChiMinh,33.0,29.5,27.0,27.0,25.6,24.0,94,80.2,62,17,12.3,8
2021-8-7,HoChiMinh,34.0,29.7,27.0,26.0,25.6,23.0,94,78.7,59,17,9.8,0
2021-8-8,HoChiMinh,34.0,29.9,27.0,27.0,26.1,25.0,94,79.9,63,14,8.9,5
2021-8-9,HoChiMinh,35.0,30.2,27.0,27.0,25.8,23.0,94,77.4,56,15,8.5,3
2021-8-10,HoChiMinh,35.0,29.1,26.0,27.0,25.8,24.0,100,83.3,56,15,7.7,3
2021-8-11,HoChiMinh,33.0,28.0,25.0,27.0,25.4,24.0,94,86.8,66,17,6.0,1
2021-8-12,HoChiMinh,31.0,28.0,25.0,27.0,25.1,24.0,100,84.4,70,16,4.8,0
2021-8-13,HoChiMinh,34.0,28.6,26.0,27.0,25.1,24.0,100,82.3,56,16,5.8,0
2021-8-14,HoChiMinh,33.0,29.0,26.0,26.0,25.1,24.0,94,80.2,59,13,6.4,0
2021-8-15,HoChiMinh,31.0,28.6,26.0,26.0,24.9,24.0,94,81.6,66,7,3.4,0
2021-8-16,HoChiMinh,35.0,28.6,24.0,26.0,24.1,21.0,100,79.3,44,14,3.9,0
2021-8-17,HoChiMinh,34.0,27.7,22.0,26.0,24.5,22.0,100,84.4,56,16,3.4,0
2021-8-18,HoChiMinh,34.0,27.8,22.0,26.0,24.1,22.0,100,82.3,52,14,3.7,0
2021-8-19,HoChiMinh,35.0,28.2,24.0,26.0,23.7,21.0,100,78.9,46,12,3.8,0
2021-8-20,HoChiMinh,33.0,27.5,24.0,26.0,24.6,23.0,100,85.1,59,15,3.2,0
2021-8-21,HoChiMinh,34.0,27.8,23.0,26.0,24.6,22.0,100,84.5,52,23,2.7,0
2021-8-22,HoChiMinh,34.0,29.2,26.0,27.0,25.2,23.0,100,80.7,52,15,5.8,0
2021-8-23,HoChiMinh,32.0,27.6,25.0,27.0,25.3,23.0,100,88.4,66,17,5.4,0
2021-8-24,HoChiMinh,32.0,27.1,24.0,26.0,25.2,24.0,100,90.5,62,18,4.9,0
2021-8-25,HoChiMinh,32.0,27.3,25.0,26.0,24.9,23.0,100,87.7,66,16,6.4,2
2021-8-26,HoChiMinh,32.0,26.8,25.0,26.0,24.8,24.0,100,89.5,66,14,5.2,1
2021-8-27,HoChiMinh,33.0,28.5,25.0,26.0,24.6,23.0,100,81.0,55,10,3.8,0
2021-8-28,HoChiMinh,32.0,26.5,24.0,26.0,24.8,23.0,100,91.2,70,10,3.6,0
2021-8-29,HoChiMinh,32.0,27.4,24.0,26.0,24.6,23.0,100,85.5,62,9,3.9,0
2021-8-30,HoChiMinh,34.0,27.2,23.0,26.0,24.6,23.0,100,87.3,56,13,3.3,0
2021-8-31,HoChiMinh,34.0,27.5,25.0,27.0,25.1,24.0,100,87.7,56,10,2.6,0
2021-9-1,HoChiMinh,33.0,28.4,25.0,26.0,24.9,23.0,100,82.0,59,9,3.9,0
2021-9-2,HoChiMinh,31.0,27.7,25.0,27.0,24.8,24.0,94,84.5,70,13,3.9,0
2021-9-3,HoChiMinh,32.0,27.8,25.0,26.0,24.9,24.0,100,85.0,66,14,6.2,0
2021-9-4,HoChiMinh,31.0,26.9,25.0,26.0,24.8,24.0,100,89.5,66,15,5.5,0
2021-9-5,HoChiMinh,32.0,27.1,24.0,26.0,24.2,24.0,100,85.9,62,12,4.9,0
2021-9-6,HoChiMinh,33.0,27.8,24.0,25.0,24.1,23.0,100,82.0,59,12,4.5,0
2021-9-7,HoChiMinh,33.0,27.9,25.0,26.0,24.9,24.0,100,84.5,59,14,4.2,0
2021-9-8,HoChiMinh,32.0,27.9,26.0,27.0,24.9,24.0,94,84.7,66,20,9.1,3
2021-9-9,HoChiMinh,32.0,27.2,24.0,27.0,24.9,24.0,100,88.1,66,25,8.8,3
2021-9-10,HoChiMinh,31.0,27.4,25.0,26.0,25.4,24.0,100,89.2,66,18,8.2,3
2021-9-11,HoChiMinh,32.0,28.1,25.0,26.0,24.9,24.0,100,84.1,66,20,10.0,2
2021-9-12,HoChiMinh,32.0,27.3,23.0,26.0,24.8,23.0,100,87.3,66,20,10.2,1
2021-9-13,HoChiMinh,32.0,27.2,25.0,27.0,25.4,24.0,100,90.9,70,18,7.2,0
2021-9-14,HoChiMinh,30.0,26.8,24.0,27.0,25.8,24.0,100,94.3,79,15,3.8,0
2021-9-15,HoChiMinh,32.0,27.6,25.0,26.0,24.6,23.0,100,85.3,59,12,4.9,1
2021-9-16,HoChiMinh,33.0,27.9,25.0,26.0,25.3,24.0,100,86.8,59,12,2.8,0
2021-9-17,HoChiMinh,33.0,27.9,25.0,27.0,24.6,21.0,100,83.3,55,13,3.0,0
2021-9-18,HoChiMinh,34.0,27.7,24.0,25.0,24.4,23.0,100,84.2,55,8,3.3,1
2021-9-19,HoChiMinh,30.0,26.6,24.0,25.0,24.6,24.0,100,89.7,70,8,3.3,0
2021-9-20,HoChiMinh,32.0,27.2,24.0,26.0,24.1,23.0,100,84.6,59,17,6.3,1
2021-9-21,HoChiMinh,32.0,27.2,25.0,25.0,24.2,22.0,100,85.3,55,14,4.2,0
2021-9-22,HoChiMinh,32.0,27.7,25.0,26.0,24.8,23.0,100,85.2,62,14,5.7,0
2021-9-23,HoChiMinh,32.0,27.7,25.0,25.0,24.1,23.0,100,82.8,59,13,4.8,0
2021-9-24,HoChiMinh,33.0,27.3,24.0,26.0,25.3,24.0,100,89.7,63,14,5.9,1
2021-9-25,HoChiMinh,31.0,27.1,24.0,26.0,25.0,24.0,100,89.4,66,14,3.8,0
2021-9-26,HoChiMinh,32.0,26.5,25.0,26.0,25.0,24.0,100,92.3,62,12,2.6,0
2021-9-27,HoChiMinh,33.0,28.7,24.0,27.0,24.5,23.0,100,79.8,55,10,4.6,0
2021-9-28,HoChiMinh,34.0,28.9,26.0,26.0,25.0,23.0,100,80.5,52,9,3.4,0
2021-9-29,HoChiMinh,33.0,28.6,26.0,27.0,25.1,24.0,100,81.8,59,13,3.7,0
2021-9-30,HoChiMinh,32.0,27.8,25.0,27.0,25.1,23.0,100,86.5,62,10,3.6,1
2021-10-1,HoChiMinh,33.0,27.7,25.0,27.0,25.2,24.0,100,86.8,66,12,3.3,0
2021-10-2,HoChiMinh,29.0,25.7,24.0,27.0,24.4,23.0,100,92.9,79,14,5.3,0
2021-10-3,HoChiMinh,30.0,27.1,24.0,25.0,24.4,24.0,100,86.3,70,6,2.0,0
2021-10-4,HoChiMinh,32.0,27.9,25.0,27.0,25.0,23.0,100,85.4,59,14,2.8,0
2021-10-5,HoChiMinh,32.0,27.5,24.0,26.0,24.7,23.0,100,86.4,62,14,4.1,1
2021-10-6,HoChiMinh,29.0,26.6,25.0,26.0,25.7,25.0,100,94.5,79,7,3.4,0
2021-10-7,HoChiMinh,31.0,26.9,24.0,27.0,25.2,23.0,100,90.8,70,18,5.2,0
2021-10-8,HoChiMinh,31.0,27.8,25.0,27.0,25.4,24.0,100,87.2,70,14,9.2,2
2021-10-9,HoChiMinh,31.0,27.2,25.0,27.0,25.6,25.0,100,91.2,74,18,8.1,1
2021-10-10,HoChiMinh,33.0,28.2,26.0,27.0,25.9,24.0,100,88.0,59,17,8.1,1
2021-10-11,HoChiMinh,30.0,27.0,24.0,27.0,25.5,23.0,100,91.4,74,17,8.7,0
2021-10-12,HoChiMinh,31.0,27.4,25.0,27.0,25.2,24.0,100,88.0,70,18,10.4,3
2021-10-13,HoChiMinh,33.0,28.4,26.0,27.0,25.0,24.0,94,83.4,59,17,10.8,6
2021-10-14,HoChiMinh,33.0,28.5,27.0,27.0,25.9,24.0,94,85.8,66,16,8.4,1
2021-10-15,HoChiMinh,34.0,28.4,25.0,27.0,25.2,23.0,100,84.3,52,18,5.3,0
2021-10-16,HoChiMinh,30.0,26.4,25.0,27.0,24.8,23.0,100,91.3,70,7,3.5,0
2021-10-17,HoChiMinh,30.0,26.2,23.0,25.0,23.4,22.0,100,85.6,66,16,5.8,1
2021-10-18,HoChiMinh,32.0,28.7,26.0,25.0,24.3,22.0,94,78.6,58,8,4.5,0
2021-10-19,HoChiMinh,33.0,29.1,26.0,26.0,25.1,23.0,94,80.0,55,10,5.0,0
2021-10-20,HoChiMinh,33.0,27.2,24.0,26.0,25.4,24.0,100,90.8,63,12,3.1,0
2021-10-21,HoChiMinh,33.0,27.8,25.0,25.0,24.3,23.0,100,82.6,59,9,3.9,1
2021-10-22,HoChiMinh,33.0,27.7,25.0,26.0,24.7,24.0,100,85.0,59,10,3.9,1
2021-10-23,HoChiMinh,34.0,27.5,24.0,25.0,24.2,22.0,100,84.7,49,12,3.5,0
2021-10-24,HoChiMinh,33.0,27.3,24.0,26.0,24.6,23.0,100,87.4,55,14,3.3,0
2021-10-25,HoChiMinh,31.0,27.2,24.0,26.0,24.1,22.0,100,84.7,66,8,3.8,1
2021-10-26,HoChiMinh,32.0,28.0,25.0,25.0,22.3,21.0,94,72.3,52,10,5.4,1
2021-10-27,HoChiMinh,29.0,26.6,24.0,25.0,23.4,20.0,94,83.3,65,10,5.3,0
2021-10-28,HoChiMinh,33.0,28.3,24.0,25.0,22.9,22.0,94,73.7,55,10,5.9,2
2021-10-29,HoChiMinh,35.0,29.2,26.0,26.0,24.3,21.0,94,76.7,46,10,5.5,0
2021-10-30,HoChiMinh,34.0,28.3,25.0,26.0,24.2,23.0,100,80.2,52,16,5.7,2
2021-10-31,HoChiMinh,33.0,28.2,25.0,26.0,24.2,23.0,100,80.5,55,15,4.7,0
2021-11-1,HoChiMinh,34.0,28.8,25.0,26.0,24.6,23.0,100,79.6,55,12,4.3,0
2021-11-2,HoChiMinh,34.0,29.2,25.0,26.0,23.3,19.0,100,73.0,41,9,4.1,0
2021-11-3,HoChiMinh,34.0,29.4,25.0,25.0,23.1,20.0,94,70.7,44,9,3.6,0
2021-11-4,HoChiMinh,34.0,29.3,25.0,24.0,22.5,20.0,94,68.8,46,12,7.1,2
2021-11-5,HoChiMinh,33.0,28.7,25.0,25.0,23.6,22.0,100,75.8,52,12,5.3,0
2021-11-6,HoChiMinh,35.0,29.2,25.0,25.0,23.7,22.0,100,74.0,47,9,4.7,0
2021-11-7,HoChiMinh,34.0,29.1,25.0,26.0,24.4,23.0,100,77.0,52,9,4.3,1
2021-11-8,HoChiMinh,34.0,29.8,26.0,25.0,23.7,21.0,94,71.0,49,14,7.2,1
2021-11-9,HoChiMinh,32.0,28.2,25.0,26.0,23.9,22.0,94,79.5,55,6,2.5,0
2021-11-10,HoChiMinh,33.0,28.6,25.0,25.0,23.2,21.0,94,74.1,49,9,5.4,0
2021-11-11,HoChiMinh,31.0,26.9,25.0,26.0,23.8,23.0,100,85.0,62,8,3.6,0
2021-11-12,HoChiMinh,34.0,27.9,24.0,26.0,23.2,22.0,100,80.1,52,9,3.9,0
2021-11-13,HoChiMinh,33.0,28.6,25.0,26.0,23.8,22.0,100,77.5,52,14,6.2,0
2021-11-14,HoChiMinh,30.0,26.8,25.0,25.0,24.1,23.0,100,86.2,66,8,3.5,0
2021-11-15,HoChiMinh,32.0,27.8,24.0,25.0,23.8,23.0,100,80.9,59,12,4.6,0
2021-11-16,HoChiMinh,32.0,27.7,25.0,25.0,23.9,23.0,100,80.9,62,9,4.2,0
2021-11-17,HoChiMinh,34.0,27.9,25.0,27.0,24.9,21.0,100,86.0,49,13,2.4,0
2021-11-18,HoChiMinh,32.0,27.7,25.0,26.0,24.6,23.0,100,84.5,59,8,2.9,0
2021-11-19,HoChiMinh,33.0,28.4,25.0,26.0,24.5,21.0,100,80.7,49,9,3.9,0
2021-11-20,HoChiMinh,31.0,27.2,25.0,26.0,25.2,24.0,100,89.4,66,10,3.1,0
2021-11-21,HoChiMinh,34.0,28.6,24.0,26.0,23.9,21.0,100,77.9,46,10,3.2,0
2021-11-22,HoChiMinh,32.0,28.7,26.0,25.0,24.4,23.0,94,78.5,62,16,7.8,1
2021-11-23,HoChiMinh,33.0,27.5,24.0,26.0,24.2,21.0,100,83.6,49,9,2.1,0
2021-11-24,HoChiMinh,34.0,28.5,24.0,25.0,22.8,20.0,100,73.8,44,8,2.4,0
2021-11-25,HoChiMinh,32.0,28.1,25.0,25.0,22.3,20.0,94,71.8,49,9,4.3,0
2021-11-26,HoChiMinh,32.0,27.8,24.0,23.0,20.8,20.0,83,66.1,52,13,4.8,0
2021-11-27,HoChiMinh,28.0,26.0,24.0,23.0,20.9,19.0,94,73.8,62,14,7.4,1
2021-11-28,HoChiMinh,32.0,26.9,24.0,26.0,23.0,21.0,100,80.7,55,8,3.3,0
2021-11-29,HoChiMinh,30.0,26.8,25.0,26.0,24.7,24.0,100,89.0,74,8,3.7,0
2021-11-30,HoChiMinh,29.0,26.1,25.0,25.0,24.1,23.0,100,89.3,70,13,5.1,1
2021-12-1,HoChiMinh,31.0,26.8,24.0,24.0,21.5,18.0,100,75.2,49,12,4.9,0
2021-12-2,HoChiMinh,31.0,26.2,22.0,21.0,18.7,17.0,83,65.0,43,8,3.7,0
2021-12-3,HoChiMinh,31.0,26.3,22.0,20.0,18.1,16.0,83,62.5,40,7,4.8,2
2021-12-4,HoChiMinh,29.0,24.4,21.0,18.0,16.3,14.0,83,61.5,42,8,4.5,1
2021-12-5,HoChiMinh,30.0,24.9,19.0,20.0,18.1,15.0,88,66.9,48,8,5.0,1
2021-12-6,HoChiMinh,31.0,26.7,21.0,24.0,20.4,18.0,94,70.3,46,9,4.3,0
2021-12-7,HoChiMinh,31.0,26.2,22.0,21.0,19.7,19.0,88,68.4,49,7,3.5,0
2021-12-8,HoChiMinh,32.0,27.3,21.0,24.0,19.9,17.0,94,66.4,40,7,3.0,0
2021-12-9,HoChiMinh,31.0,27.2,25.0,24.0,22.3,19.0,89,74.8,55,7,3.0,0
2021-12-10,HoChiMinh,33.0,27.2,22.0,23.0,18.3,16.0,89,60.0,38,9,4.3,0
2021-12-11,HoChiMinh,32.0,26.6,23.0,23.0,20.3,17.0,94,70.7,40,7,4.3,1
2021-12-12,HoChiMinh,32.0,27.3,23.0,24.0,22.1,20.0,100,74.4,52,8,3.5,0
2021-12-13,HoChiMinh,33.0,27.8,23.0,23.0,19.6,15.0,89,63.8,36,10,5.7,1
2021-12-14,HoChiMinh,32.0,27.6,23.0,24.0,20.3,19.0,84,66.2,46,7,4.5,1
2021-12-15,HoChiMinh,34.0,28.4,24.0,24.0,21.4,19.0,94,67.5,41,8,4.4,0
2021-12-16,HoChiMinh,32.0,29.0,26.0,25.0,23.9,22.0,94,75.4,59,6,2.4,0
2021-12-17,HoChiMinh,32.0,28.3,25.0,24.0,22.8,19.0,94,73.9,46,7,3.2,0
2021-12-18,HoChiMinh,33.0,27.7,22.0,23.0,18.6,15.0,94,60.2,38,13,6.1,1
2021-12-19,HoChiMinh,31.0,26.5,24.0,18.0,17.2,16.0,69,56.5,43,14,9.0,5
2021-12-20,HoChiMinh,31.0,26.6,23.0,22.0,19.7,18.0,83,66.6,49,9,4.8,1
2021-12-21,HoChiMinh,33.0,27.6,23.0,24.0,22.3,20.0,100,75.3,46,9,4.7,0
2021-12-22,HoChiMinh,31.0,26.8,25.0,25.0,23.4,22.0,94,83.3,58,9,4.0,0
2021-12-23,HoChiMinh,33.0,27.6,25.0,24.0,22.6,18.0,94,77.4,43,9,4.0,0
2021-12-24,HoChiMinh,33.0,25.9,23.0,25.0,22.2,19.0,100,83.0,43,13,3.4,0
2021-12-25,HoChiMinh,34.0,27.0,23.0,24.0,21.9,19.0,100,76.2,41,9,2.9,0
2021-12-26,HoChiMinh,32.0,27.9,24.0,24.0,22.7,20.0,94,74.7,49,7,3.6,1
2021-12-27,HoChiMinh,33.0,27.3,24.0,25.0,23.4,20.0,100,81.6,46,10,3.1,1
2021-12-28,HoChiMinh,31.0,27.1,23.0,25.0,23.6,21.0,100,83.3,55,9,3.0,0
2021-12-29,HoChiMinh,32.0,27.4,24.0,25.0,22.4,20.0,100,76.2,49,10,4.4,0
2021-12-30,HoChiMinh,33.0,27.9,23.0,20.0,18.8,18.0,83,59.5,41,12,7.5,2
2021-12-31,HoChiMinh,33.0,27.5,23.0,23.0,17.6,16.0,79,55.9,38,9,6.0,1
2022-1-1,HoChiMinh,33.0,27.5,23.0,22.0,18.3,16.0,74,58.0,38,9,5.0,2
2022-1-2,HoChiMinh,33.0,27.7,23.0,24.0,20.1,15.0,88,64.8,34,9,3.8,1
2022-1-3,HoChiMinh,32.0,27.5,24.0,24.0,20.6,17.0,89,68.0,40,8,3.8,1
2022-1-4,HoChiMinh,32.0,27.2,24.0,23.0,22.2,21.0,94,74.9,52,9,3.8,0
2022-1-5,HoChiMinh,32.0,27.7,24.0,23.0,22.0,21.0,89,71.6,52,7,3.7,1
2022-1-6,HoChiMinh,31.0,27.6,24.0,24.0,22.6,21.0,94,75.6,58,6,2.7,0
2022-1-7,HoChiMinh,33.0,28.4,26.0,24.0,22.1,19.0,89,70.0,49,12,3.6,0
2022-1-8,HoChiMinh,34.0,27.9,24.0,23.0,21.1,19.0,89,67.7,44,8,4.3,0
2022-1-9,HoChiMinh,33.0,27.4,23.0,24.0,21.1,18.0,94,70.1,41,12,4.2,0
2022-1-10,HoChiMinh,33.0,28.0,25.0,24.0,21.8,20.0,94,70.4,46,10,4.2,0
2022-1-11,HoChiMinh,34.0,27.9,24.0,22.0,20.1,14.0,89,64.4,31,12,5.0,0
2022-1-12,HoChiMinh,32.0,26.8,21.0,20.0,18.2,15.0,88,61.6,36,9,4.7,1
2022-1-13,HoChiMinh,31.0,26.1,21.0,22.0,19.3,17.0,100,68.6,43,9,4.0,0
2022-1-14,HoChiMinh,33.0,27.0,22.0,21.0,17.8,13.0,83,60.2,33,10,4.1,1
2022-1-15,HoChiMinh,34.0,25.1,25.0,22.0,18.2,22.0,100,67.2,52,9,3.7,0
2022-1-16,HoChiMinh,34.0,27.7,22.0,21.0,18.4,14.0,94,60.2,30,12,5.7,1
2022-1-17,HoChiMinh,32.0,27.7,24.0,22.0,19.7,18.0,83,62.8,46,8,3.6,1
2022-1-18,HoChiMinh,33.0,27.4,23.0,22.0,20.4,16.0,94,67.2,36,12,3.8,0
2022-1-19,HoChiMinh,32.0,27.2,23.0,23.0,20.1,18.0,100,67.3,43,12,4.7,1
2022-1-20,HoChiMinh,32.0,27.0,23.0,23.0,20.1,17.0,94,68.3,40,13,4.3,1
2022-1-21,HoChiMinh,34.0,27.4,22.0,22.0,19.8,18.0,94,65.4,38,14,4.6,1
2022-1-22,HoChiMinh,34.0,27.4,23.0,23.0,20.4,17.0,89,67.7,38,14,6.3,2
2022-1-23,HoChiMinh,33.0,27.8,25.0,23.0,21.7,19.0,89,70.7,46,10,6.0,2
2022-1-24,HoChiMinh,34.0,28.2,25.0,24.0,22.2,20.0,94,72.7,44,12,4.5,1
2022-1-25,HoChiMinh,31.0,27.7,25.0,23.0,22.6,22.0,89,74.5,58,12,6.3,1
2022-1-26,HoChiMinh,34.0,27.5,24.0,25.0,22.4,19.0,94,76.1,44,15,5.2,1
2022-1-27,HoChiMinh,35.0,27.7,23.0,25.0,21.4,14.0,100,73.0,28,13,4.7,1
2022-1-28,HoChiMinh,33.0,27.9,24.0,25.0,21.7,18.0,100,72.1,41,8,4.3,1
2022-1-29,HoChiMinh,33.0,27.9,25.0,24.0,22.9,19.0,94,76.7,43,9,5.8,1
2022-1-30,HoChiMinh,32.0,27.8,26.0,24.0,22.6,21.0,89,73.8,52,16,7.7,3
2022-1-31,HoChiMinh,34.0,28.5,25.0,22.0,20.2,16.0,83,63.2,34,14,8.6,2
2022-2-1,HoChiMinh,35.0,29.3,25.0,22.0,19.3,16.0,83,57.0,32,12,8.4,5
2022-2-2,HoChiMinh,35.0,29.2,24.0,21.0,19.3,16.0,83,57.1,34,13,8.6,2
2022-2-3,HoChiMinh,36.0,29.1,24.0,23.0,20.6,17.0,89,62.3,32,13,6.7,0
2022-2-4,HoChiMinh,35.0,28.7,24.0,23.0,21.2,17.0,94,66.1,36,9,4.3,0
2022-2-5,HoChiMinh,35.0,28.7,23.0,22.0,19.6,16.0,88,60.2,34,12,4.1,0
2022-2-6,HoChiMinh,34.0,28.6,23.0,22.0,18.6,16.0,78,56.0,34,13,5.0,0
2022-2-7,HoChiMinh,35.0,29.2,24.0,22.0,20.3,18.0,83,60.2,36,12,5.8,1
2022-2-8,HoChiMinh,34.0,28.8,27.0,25.0,20.8,19.0,89,62.8,44,13,7.4,3
2022-2-9,HoChiMinh,35.0,29.1,24.0,23.0,20.4,17.0,89,61.0,34,12,6.0,2
2022-2-10,HoChiMinh,35.0,29.4,25.0,22.0,19.9,16.0,83,58.2,32,13,6.3,2
2022-2-11,HoChiMinh,34.0,28.8,25.0,24.0,21.1,19.0,89,64.5,41,13,5.2,1
2022-2-12,HoChiMinh,36.0,29.3,25.0,23.0,19.8,15.0,89,59.0,28,10,5.8,1
2022-2-13,HoChiMinh,33.0,29.1,25.0,22.0,20.7,19.0,83,61.6,43,12,6.5,1
2022-2-14,HoChiMinh,35.0,29.2,26.0,23.0,21.7,19.0,83,65.8,39,12,6.3,2
2022-2-15,HoChiMinh,35.0,29.0,25.0,24.0,21.4,19.0,94,65.8,41,17,7.7,0
2022-2-16,HoChiMinh,34.0,29.2,26.0,23.0,20.8,18.0,83,62.0,38,15,8.9,3
2022-2-17,HoChiMinh,34.0,28.7,26.0,24.0,21.9,19.0,89,68.3,44,15,9.1,5
2022-2-18,HoChiMinh,34.0,29.1,26.0,24.0,21.9,19.0,89,67.3,44,13,9.0,5
2022-2-19,HoChiMinh,33.0,28.8,26.0,24.0,22.1,20.0,89,68.7,49,10,6.2,3
2022-2-20,HoChiMinh,33.0,28.4,26.0,24.0,23.0,22.0,89,74.2,52,13,7.2,3
2022-2-21,HoChiMinh,34.0,27.8,25.0,24.0,22.4,20.0,89,74.2,44,13,5.3,0
2022-2-22,HoChiMinh,32.0,26.6,25.0,24.0,23.0,21.0,94,82.3,52,14,4.3,0
2022-2-23,HoChiMinh,34.0,27.6,24.0,24.0,22.4,20.0,100,76.0,44,9,3.4,0
2022-2-24,HoChiMinh,33.0,27.8,24.0,24.0,19.1,16.0,94,61.4,40,10,5.9,1
2022-2-25,HoChiMinh,33.0,27.5,23.0,18.0,17.3,16.0,69,54.1,38,10,6.0,3
2022-2-26,HoChiMinh,35.0,28.7,23.0,23.0,18.5,16.0,79,56.4,32,10,5.4,2
2022-2-27,HoChiMinh,35.0,29.1,24.0,23.0,20.0,17.0,89,60.5,34,10,5.7,0
2022-2-28,HoChiMinh,35.0,29.3,24.0,23.0,20.1,16.0,94,60.5,34,12,6.2,2
2022-3-1,HoChiMinh,34.0,29.4,26.0,22.0,19.7,18.0,78,56.7,41,14,5.3,1
2022-3-2,HoChiMinh,34.0,28.6,26.0,24.0,20.8,18.0,84,63.8,44,12,4.5,1
2022-3-3,HoChiMinh,35.0,29.4,26.0,24.0,20.6,17.0,89,61.7,38,10,5.0,0
2022-3-4,HoChiMinh,35.0,29.6,25.0,21.0,19.7,18.0,78,56.3,39,13,5.8,0
2022-3-5,HoChiMinh,34.0,29.5,27.0,25.0,21.5,19.0,89,62.9,43,10,6.5,2
2022-3-6,HoChiMinh,36.0,29.8,24.0,23.0,20.7,17.0,94,60.9,32,12,7.8,3
2022-3-7,HoChiMinh,35.0,29.7,26.0,23.0,21.3,18.0,83,61.6,41,14,7.1,2
2022-3-8,HoChiMinh,36.0,29.3,25.0,22.0,19.6,14.0,83,57.8,28,10,5.3,1
2022-3-9,HoChiMinh,34.0,28.6,25.0,24.0,20.9,19.0,83,63.7,43,12,6.5,3
2022-3-10,HoChiMinh,31.0,27.4,24.0,22.0,20.7,19.0,83,67.2,51,10,5.2,0
2022-3-11,HoChiMinh,34.0,28.7,24.0,23.0,20.4,17.0,94,63.3,36,12,4.7,1
2022-3-12,HoChiMinh,33.0,27.8,25.0,26.0,22.9,20.0,94,76.7,46,15,4.3,1
2022-3-13,HoChiMinh,35.0,29.8,25.0,24.0,22.2,20.0,94,66.1,41,13,6.4,0
2022-3-14,HoChiMinh,35.0,29.5,27.0,25.0,22.7,21.0,89,67.9,44,13,8.5,3
2022-3-15,HoChiMinh,35.0,29.7,27.0,24.0,22.5,20.0,84,67.4,44,13,8.0,5
2022-3-16,HoChiMinh,33.0,29.2,26.0,23.0,21.8,20.0,83,66.2,46,13,7.8,3
2022-3-17,HoChiMinh,34.0,29.3,26.0,23.0,21.7,20.0,83,65.1,44,10,6.9,3
2022-3-18,HoChiMinh,34.0,29.6,26.0,25.0,22.9,20.0,89,69.1,46,12,6.8,1
2022-3-19,HoChiMinh,36.0,29.7,25.0,25.0,22.4,19.0,89,67.5,39,13,7.0,1
2022-3-20,HoChiMinh,34.0,29.1,26.0,27.0,23.6,22.0,100,73.6,49,18,7.0,1
2022-3-21,HoChiMinh,34.0,29.4,27.0,25.0,23.1,20.0,89,70.5,44,15,8.9,5
2022-3-22,HoChiMinh,33.0,28.4,26.0,26.0,24.3,22.0,100,79.3,52,13,7.4,1
2022-3-23,HoChiMinh,35.0,29.3,25.0,25.0,23.5,21.0,94,72.9,46,12,6.1,0
2022-3-24,HoChiMinh,35.0,30.0,27.0,25.0,23.5,21.0,89,69.8,46,13,8.0,1
2022-3-25,HoChiMinh,35.0,30.2,27.0,25.0,23.7,21.0,89,70.3,44,15,9.5,5
2022-3-26,HoChiMinh,36.0,30.6,27.0,25.0,22.8,19.0,89,65.8,37,9,5.3,2
2022-3-27,HoChiMinh,35.0,30.3,28.0,26.0,23.3,20.0,89,67.0,47,10,6.5,2
2022-3-28,HoChiMinh,36.0,29.2,24.0,25.0,23.3,20.0,100,73.7,39,24,5.2,1
2022-3-29,HoChiMinh,35.0,28.2,25.0,25.0,24.1,20.0,100,81.1,41,25,4.6,1
2022-3-30,HoChiMinh,34.0,28.9,24.0,24.0,22.5,20.0,94,71.0,46,13,6.2,1
2022-3-31,HoChiMinh,33.0,28.1,25.0,26.0,23.8,21.0,100,78.7,49,15,4.2,0
2022-4-1,HoChiMinh,32.0,27.9,24.0,26.0,24.2,23.0,100,81.4,59,14,7.9,2
2022-4-2,HoChiMinh,34.0,29.3,25.0,25.0,23.1,20.0,89,71.2,44,15,8.3,3
2022-4-3,HoChiMinh,35.0,27.9,24.0,25.0,21.8,18.0,94,72.9,36,13,7.0,3
2022-4-4,HoChiMinh,34.0,27.5,24.0,25.0,21.5,19.0,94,71.9,41,12,5.7,2
2022-4-5,HoChiMinh,34.0,27.6,24.0,25.0,22.2,20.0,94,74.3,46,14,4.6,1
2022-4-6,HoChiMinh,34.0,28.7,25.0,25.0,23.1,19.0,100,74.0,43,12,3.8,0
2022-4-7,HoChiMinh,33.0,28.8,25.0,25.0,22.1,19.0,89,68.9,43,10,4.6,1
2022-4-8,HoChiMinh,35.0,29.3,25.0,25.0,20.9,15.0,94,63.3,32,10,5.3,0
2022-4-9,HoChiMinh,34.0,29.3,26.0,25.0,21.7,18.0,89,66.9,38,10,5.6,1
2022-4-10,HoChiMinh,33.0,29.1,26.0,24.0,22.2,21.0,83,67.6,49,10,6.2,2
2022-4-11,HoChiMinh,33.0,29.0,26.0,25.0,22.4,20.0,84,69.3,46,10,7.4,3
2022-4-12,HoChiMinh,33.0,29.6,26.0,25.0,24.0,21.0,94,73.6,49,12,6.4,2
2022-4-13,HoChiMinh,35.0,30.0,27.0,26.0,23.3,20.0,89,68.9,41,21,6.6,3
2022-4-14,HoChiMinh,35.0,29.9,27.0,27.0,24.9,20.0,94,76.1,41,18,6.3,2
2022-4-15,HoChiMinh,34.0,28.7,24.0,27.0,24.9,23.0,100,80.5,56,15,6.1,2
2022-4-16,HoChiMinh,33.0,27.6,24.0,27.0,25.1,23.0,100,86.8,59,16,5.9,1
2022-4-17,HoChiMinh,34.0,29.1,25.0,25.0,23.6,20.0,94,74.1,46,15,7.8,1
2022-4-18,HoChiMinh,33.0,30.1,27.0,24.0,22.3,20.0,84,63.8,49,13,8.7,6
2022-4-19,HoChiMinh,35.0,29.9,26.0,23.0,22.1,20.0,83,63.9,44,10,5.1,2
2022-4-20,HoChiMinh,35.0,29.5,26.0,24.0,22.8,19.0,84,68.4,41,12,5.8,1
2022-4-21,HoChiMinh,35.0,30.3,26.0,24.0,22.3,21.0,83,63.1,44,13,8.8,3
2022-4-22,HoChiMinh,35.0,30.4,27.0,24.0,22.3,19.0,79,62.9,39,13,8.6,3
2022-4-23,HoChiMinh,35.0,30.1,27.0,25.0,23.7,22.0,89,70.3,47,13,8.3,3
2022-4-24,HoChiMinh,35.0,30.3,27.0,26.0,24.3,21.0,89,71.3,44,13,7.2,3
2022-4-25,HoChiMinh,34.0,30.4,28.0,26.0,24.4,22.0,89,71.3,52,13,7.6,3
2022-4-26,HoChiMinh,35.0,30.7,26.0,27.0,24.6,22.0,94,71.4,47,12,5.7,0
2022-4-27,HoChiMinh,36.0,31.2,27.0,27.0,24.8,22.0,94,70.8,44,13,4.3,0
2022-4-28,HoChiMinh,35.0,31.2,29.0,27.0,24.7,22.0,89,69.3,47,12,7.9,3
2022-4-29,HoChiMinh,29.0,26.8,23.0,26.0,25.0,23.0,100,90.1,74,9,4.5,1
2022-4-30,HoChiMinh,31.0,26.7,24.0,26.0,24.9,24.0,100,90.4,66,9,3.5,0
2022-5-1,HoChiMinh,32.0,27.5,25.0,27.0,25.6,23.0,100,89.2,62,14,4.2,1
2022-5-2,HoChiMinh,32.0,27.8,25.0,27.0,24.7,23.0,100,83.9,59,13,5.0,0
2022-5-3,HoChiMinh,34.0,28.3,25.0,26.0,24.3,22.0,100,81.0,49,14,6.1,1
2022-5-4,HoChiMinh,33.0,27.2,25.0,26.0,24.9,24.0,100,88.5,59,12,4.8,1
2022-5-5,HoChiMinh,32.0,27.9,24.0,26.0,24.5,24.0,100,83.0,62,10,5.2,1
2022-5-6,HoChiMinh,35.0,29.2,25.0,26.0,24.2,21.0,100,76.7,47,14,6.3,1
2022-5-7,HoChiMinh,34.0,29.9,28.0,25.0,23.1,21.0,84,66.9,46,17,10.3,5
2022-5-8,HoChiMinh,32.0,29.2,27.0,26.0,23.6,22.0,84,71.7,62,13,8.3,3
2022-5-9,HoChiMinh,35.0,30.2,27.0,25.0,24.0,21.0,89,70.7,44,15,9.5,2
2022-5-10,HoChiMinh,35.0,29.7,27.0,26.0,24.3,22.0,89,73.6,47,12,6.5,1
2022-5-11,HoChiMinh,35.0,30.1,27.0,26.0,24.9,21.0,94,74.7,47,15,5.7,1
2022-5-12,HoChiMinh,34.0,29.4,24.0,27.0,24.7,22.0,100,77.0,49,25,5.8,1
2022-5-13,HoChiMinh,35.0,29.7,27.0,27.0,25.1,23.0,100,77.7,49,14,5.5,2
2022-5-14,HoChiMinh,35.0,30.7,27.0,27.0,25.4,23.0,94,74.2,49,13,6.4,0
2022-5-15,HoChiMinh,36.0,30.5,28.0,27.0,25.9,23.0,94,76.8,49,15,6.6,2
2022-5-16,HoChiMinh,33.0,28.9,27.0,27.0,25.1,23.0,94,79.8,66,12,4.9,0
2022-5-17,HoChiMinh,33.0,28.7,25.0,26.0,24.6,22.0,100,80.0,55,17,5.3,0
2022-5-18,HoChiMinh,30.0,27.5,26.0,26.0,25.6,25.0,100,89.3,74,7,3.7,2
2022-5-19,HoChiMinh,33.0,27.7,25.0,26.0,25.3,23.0,100,88.1,59,14,2.8,0
2022-5-20,HoChiMinh,34.0,29.8,26.0,27.0,24.7,22.0,100,76.1,49,18,5.6,0
2022-5-21,HoChiMinh,33.0,28.3,25.0,27.0,25.1,23.0,100,83.6,55,18,7.4,1
2022-5-22,HoChiMinh,33.0,27.4,26.0,26.0,24.8,24.0,94,86.5,62,23,8.0,0
2022-5-23,HoChiMinh,31.0,27.7,25.0,26.0,23.9,22.0,94,80.6,62,17,9.4,1
2022-5-24,HoChiMinh,34.0,30.2,27.0,26.0,24.6,22.0,94,73.7,49,15,9.3,5
2022-5-25,HoChiMinh,34.0,30.3,27.0,27.0,25.2,22.0,100,75.1,49,13,8.4,5
2022-5-26,HoChiMinh,34.0,28.7,23.0,26.0,25.1,23.0,100,81.7,59,26,7.2,1
2022-5-27,HoChiMinh,34.0,27.1,24.0,27.0,24.7,23.0,100,87.4,59,23,6.8,0
2022-5-28,HoChiMinh,32.0,27.1,24.0,26.0,24.2,23.0,100,85.7,59,21,7.0,1
2022-5-29,HoChiMinh,32.0,27.6,25.0,26.0,24.7,24.0,94,84.5,66,17,7.0,1
2022-5-30,HoChiMinh,33.0,27.7,25.0,26.0,25.2,24.0,100,87.3,62,21,5.6,0
2022-5-31,HoChiMinh,34.0,29.8,26.0,27.0,25.2,23.0,94,77.8,52,12,5.0,0
2022-6-1,HoChiMinh,33.0,29.3,28.0,27.0,25.8,24.0,89,81.2,66,12,5.7,2
2022-6-2,HoChiMinh,32.0,27.2,23.0,27.0,25.1,23.0,100,88.3,66,14,5.9,2
2022-6-3,HoChiMinh,33.0,27.3,25.0,26.0,24.9,23.0,100,87.5,63,18,5.0,0
2022-6-4,HoChiMinh,33.0,27.8,26.0,27.0,24.3,22.0,100,82.1,59,21,5.2,0
2022-6-5,HoChiMinh,33.0,28.8,25.0,25.0,23.6,23.0,94,74.7,55,10,5.8,1
2022-6-6,HoChiMinh,35.0,29.6,26.0,27.0,25.3,24.0,94,78.2,56,13,7.7,5
2022-6-7,HoChiMinh,35.0,30.2,27.0,26.0,24.4,22.0,89,72.3,52,10,5.4,1
2022-6-8,HoChiMinh,35.0,30.9,27.0,26.0,23.8,22.0,89,67.6,47,8,4.8,0
2022-6-9,HoChiMinh,36.0,31.2,24.0,26.0,23.8,20.0,89,67.1,44,10,4.7,0
2022-6-10,HoChiMinh,35.0,29.6,26.0,28.0,24.4,22.0,94,76.1,49,14,4.9,1
2022-6-11,HoChiMinh,35.0,30.4,27.0,27.0,24.4,21.0,89,71.8,49,12,4.1,0
2022-6-12,HoChiMinh,34.0,27.5,25.0,26.0,23.8,20.0,94,82.0,55,24,4.5,1
2022-6-13,HoChiMinh,33.0,28.7,24.0,28.0,25.1,24.0,100,81.3,63,10,4.5,1
2022-6-14,HoChiMinh,34.0,30.1,26.0,26.0,24.3,22.0,89,72.5,49,12,5.3,1
2022-6-15,HoChiMinh,33.0,29.1,27.0,26.0,24.6,23.0,89,77.2,55,10,4.7,0
2022-6-16,HoChiMinh,34.0,29.9,26.0,26.0,24.3,22.0,94,73.5,52,14,3.8,0
2022-6-17,HoChiMinh,33.0,29.3,26.0,27.0,25.3,23.0,89,78.7,59,9,3.8,0
2022-6-18,HoChiMinh,34.0,29.0,26.0,27.0,24.4,22.0,89,77.4,59,16,5.2,0
2022-6-19,HoChiMinh,34.0,27.8,24.0,27.0,24.2,21.0,94,82.3,52,14,4.3,0
2022-6-20,HoChiMinh,34.0,28.1,25.0,28.0,24.3,21.0,94,81.8,52,13,4.8,1
2022-6-21,HoChiMinh,34.0,28.2,25.0,27.0,24.2,22.0,94,80.0,52,16,4.9,0
2022-6-22,HoChiMinh,33.0,27.3,24.0,27.0,24.6,21.0,94,86.2,55,17,3.8,0
2022-6-23,HoChiMinh,33.0,27.2,25.0,27.0,24.0,22.0,100,86.0,52,17,4.7,1
2022-6-24,HoChiMinh,33.0,27.1,24.0,27.0,25.0,23.0,100,89.3,66,20,4.4,0
2022-6-25,HoChiMinh,33.0,28.8,26.0,27.0,25.0,23.0,100,81.2,55,12,3.9,0
2022-6-26,HoChiMinh,34.0,29.5,27.0,27.0,24.4,23.0,89,75.2,52,13,3.8,0
2022-6-27,HoChiMinh,34.0,29.1,26.0,27.0,25.4,24.0,94,80.5,59,10,4.0,0
2022-6-28,HoChiMinh,33.0,28.2,23.0,27.0,24.7,21.0,94,82.3,63,15,5.7,1
2022-6-29,HoChiMinh,34.0,29.8,27.0,28.0,25.0,22.0,94,76.7,56,18,8.3,5
2022-6-30,HoChiMinh,33.0,28.5,26.0,28.0,25.2,22.0,94,82.9,63,16,9.8,3
2022-7-1,HoChiMinh,31.0,27.7,25.0,26.0,24.9,23.0,94,85.3,74,17,8.3,1
2022-7-2,HoChiMinh,30.0,28.0,27.0,27.0,25.0,24.0,89,84.2,79,18,8.7,2
2022-7-3,HoChiMinh,31.0,27.6,25.0,27.0,25.1,23.0,89,86.6,79,17,6.5,1
2022-7-4,HoChiMinh,33.0,28.6,26.0,27.0,25.4,23.0,94,82.8,66,22,7.7,3
2022-7-5,HoChiMinh,32.0,29.0,26.0,28.0,25.4,24.0,94,81.5,66,14,7.8,3
2022-7-6,HoChiMinh,34.0,29.2,27.0,27.0,25.6,24.0,94,81.5,59,20,8.2,2
2022-7-7,HoChiMinh,33.0,29.3,26.0,28.0,25.9,24.0,94,82.3,63,13,7.7,2
2022-7-8,HoChiMinh,32.0,27.7,25.0,27.0,25.4,23.0,94,87.5,74,18,6.2,1
2022-7-9,HoChiMinh,32.0,27.4,25.0,27.0,25.2,23.0,100,88.3,66,20,6.7,0
2022-7-10,HoChiMinh,31.0,26.4,24.0,26.0,23.9,23.0,100,86.7,70,18,9.8,2
2022-7-11,HoChiMinh,31.0,26.9,25.0,26.0,24.3,23.0,94,86.2,70,17,9.8,3
2022-7-12,HoChiMinh,29.0,26.6,25.0,26.0,25.1,24.0,100,92.1,79,14,8.1,2
2022-7-13,HoChiMinh,31.0,27.2,25.0,27.0,24.7,24.0,100,86.9,70,20,10.4,5
2022-7-14,HoChiMinh,32.0,27.6,25.0,26.0,24.6,24.0,100,84.4,66,16,8.0,2
2022-7-15,HoChiMinh,32.0,27.4,25.0,28.0,25.1,24.0,94,87.7,79,17,7.1,3
2022-7-16,HoChiMinh,33.0,28.3,26.0,27.0,25.4,24.0,94,84.7,63,18,7.4,2
2022-7-17,HoChiMinh,33.0,28.4,26.0,27.0,25.3,23.0,94,84.4,62,17,8.6,5
2022-7-18,HoChiMinh,33.0,28.8,26.0,27.0,25.2,22.0,94,81.6,63,18,7.0,0
2022-7-19,HoChiMinh,32.0,27.6,25.0,27.0,24.9,22.0,94,86.3,66,16,6.1,0
2022-7-20,HoChiMinh,30.0,25.8,25.0,27.0,24.4,24.0,100,92.7,84,14,4.7,0
2022-7-21,HoChiMinh,29.0,25.7,25.0,27.0,24.8,24.0,100,95.1,89,22,4.2,1
2022-7-22,HoChiMinh,35.0,28.4,24.0,28.0,24.1,21.0,100,79.6,44,15,4.1,0
2022-7-23,HoChiMinh,33.0,27.8,25.0,26.0,24.6,22.0,94,83.6,59,16,3.9,0
2022-7-24,HoChiMinh,34.0,28.9,25.0,27.0,24.8,23.0,100,79.8,52,12,5.1,1
2022-7-25,HoChiMinh,35.0,29.6,26.0,27.0,25.3,24.0,94,78.0,56,13,5.8,1
2022-7-26,HoChiMinh,32.0,28.6,25.0,27.0,25.3,23.0,94,82.5,66,13,4.3,0
2022-7-27,HoChiMinh,33.0,28.3,25.0,27.0,24.7,23.0,94,81.8,62,9,4.0,0
2022-7-28,HoChiMinh,33.0,28.2,25.0,27.0,24.9,23.0,100,83.4,66,20,4.1,0
2022-7-29,HoChiMinh,35.0,29.3,25.0,27.0,24.9,23.0,94,78.3,55,12,5.8,0
2022-7-30,HoChiMinh,34.0,29.4,27.0,27.0,25.6,22.0,94,79.7,59,17,7.5,2
2022-7-31,HoChiMinh,34.0,29.3,26.0,28.0,25.6,23.0,94,81.3,59,21,7.8,2
2022-8-1,HoChiMinh,33.0,27.6,25.0,28.0,25.4,23.0,94,88.6,70,15,4.8,0
2022-8-2,HoChiMinh,32.0,28.4,26.0,27.0,25.4,22.0,100,84.9,62,18,5.3,0
2022-8-3,HoChiMinh,33.0,28.4,25.0,28.0,25.4,23.0,94,84.6,63,18,5.9,1
2022-8-4,HoChiMinh,31.0,27.3,25.0,27.0,25.4,23.0,100,89.8,74,10,4.3,0
2022-8-5,HoChiMinh,32.0,27.9,25.0,28.0,25.4,23.0,100,86.9,70,13,5.7,0
2022-8-6,HoChiMinh,30.0,27.1,24.0,27.0,24.7,23.0,100,87.5,74,18,7.3,1
2022-8-7,HoChiMinh,30.0,27.1,25.0,27.0,24.6,23.0,94,86.7,74,16,8.4,3
2022-8-8,HoChiMinh,30.0,26.7,24.0,27.0,23.9,22.0,94,85.8,79,25,8.1,1
2022-8-9,HoChiMinh,32.0,27.5,25.0,26.0,23.7,21.0,94,80.8,62,18,9.3,2
2022-8-10,HoChiMinh,32.0,28.4,26.0,27.0,24.4,23.0,94,79.9,62,21,12.3,1
2022-8-11,HoChiMinh,31.0,26.4,25.0,26.0,23.2,22.0,89,83.8,70,20,7.9,1
2022-8-12,HoChiMinh,33.0,27.9,24.0,27.0,24.4,22.0,94,82.4,59,17,4.5,0
2022-8-13,HoChiMinh,34.0,29.6,26.0,27.0,23.3,20.0,94,71.3,46,9,5.0,0
2022-8-14,HoChiMinh,34.0,29.6,26.0,27.0,24.2,22.0,94,73.8,52,10,5.9,2
2022-8-15,HoChiMinh,32.0,27.3,23.0,27.0,25.0,22.0,100,87.7,70,22,5.8,0
2022-8-16,HoChiMinh,32.0,26.8,25.0,29.0,25.7,24.0,100,93.8,84,17,4.6,0
2022-8-17,HoChiMinh,32.0,27.9,25.0,28.0,24.9,22.0,94,84.4,62,17,6.5,1
2022-8-18,HoChiMinh,33.0,28.8,26.0,26.0,24.7,23.0,94,79.1,55,20,6.6,2
2022-8-19,HoChiMinh,34.0,28.7,26.0,26.0,24.4,23.0,94,78.7,59,16,7.2,0
2022-8-20,HoChiMinh,33.0,28.5,26.0,26.0,24.8,23.0,89,80.7,63,26,8.6,1
2022-8-21,HoChiMinh,32.0,28.4,26.0,26.0,24.4,23.0,89,79.9,62,16,7.8,3
2022-8-22,HoChiMinh,35.0,29.0,26.0,26.0,24.2,23.0,94,77.0,52,10,6.6,2
2022-8-23,HoChiMinh,34.0,29.0,25.0,26.0,24.7,23.0,100,79.0,59,16,6.1,1
2022-8-24,HoChiMinh,33.0,28.3,25.0,26.0,23.7,22.0,94,77.7,59,15,5.2,1
2022-8-25,HoChiMinh,32.0,27.6,25.0,25.0,23.8,23.0,94,81.7,59,16,7.8,2
2022-8-26,HoChiMinh,32.0,26.8,24.0,25.0,23.7,23.0,100,84.8,62,18,6.6,1
2022-8-27,HoChiMinh,34.0,28.3,24.0,25.0,23.3,22.0,94,77.1,52,10,4.6,0
2022-8-28,HoChiMinh,34.0,28.1,25.0,26.0,24.4,23.0,100,82.6,55,8,2.6,0
2022-8-29,HoChiMinh,34.0,29.3,25.0,26.0,24.4,24.0,94,76.4,56,12,6.8,0
2022-8-30,HoChiMinh,34.0,29.1,24.0,26.0,25.0,23.0,94,79.3,56,17,6.0,2
2022-8-31,HoChiMinh,33.0,28.2,25.0,26.0,24.3,23.0,100,81.0,55,12,4.5,0
2022-9-1,HoChiMinh,34.0,29.1,25.0,27.0,24.4,23.0,100,77.8,52,12,2.6,0
2022-9-2,HoChiMinh,33.0,27.9,24.0,27.0,24.9,23.0,100,84.7,63,13,4.4,0
2022-9-3,HoChiMinh,34.0,28.4,25.0,27.0,24.4,24.0,94,79.8,56,18,5.3,0
2022-9-4,HoChiMinh,32.0,28.1,25.0,26.0,24.7,23.0,94,82.7,66,22,7.9,0
2022-9-5,HoChiMinh,33.0,28.1,25.0,26.0,24.4,23.0,94,82.0,62,15,6.4,0
2022-9-6,HoChiMinh,32.0,27.7,25.0,26.0,24.6,23.0,94,84.6,59,17,7.0,2
2022-9-7,HoChiMinh,29.0,26.1,25.0,25.0,24.2,23.0,100,90.3,74,16,5.0,0
2022-9-8,HoChiMinh,31.0,27.5,25.0,25.0,23.6,22.0,94,80.5,62,15,8.9,2
2022-9-9,HoChiMinh,34.0,29.2,25.0,26.0,24.3,23.0,94,76.7,55,12,4.8,1
2022-9-10,HoChiMinh,34.0,29.7,26.0,26.0,25.0,23.0,100,77.1,52,13,5.3,0
2022-9-11,HoChiMinh,34.0,28.2,25.0,26.0,24.6,23.0,100,81.8,55,13,4.3,1
2022-9-12,HoChiMinh,33.0,27.3,25.0,25.0,24.4,23.0,100,85.5,59,8,3.8,0
2022-9-13,HoChiMinh,33.0,28.4,25.0,26.0,24.8,24.0,100,82.0,59,12,4.5,0
2022-9-14,HoChiMinh,33.0,28.1,25.0,26.0,24.7,23.0,94,82.9,63,18,8.3,1
2022-9-15,HoChiMinh,32.0,28.3,25.0,26.0,24.2,23.0,94,79.2,66,20,9.9,3
2022-9-16,HoChiMinh,33.0,28.2,24.0,26.0,25.0,23.0,100,83.8,59,20,7.5,1
2022-9-17,HoChiMinh,33.0,28.6,26.0,26.0,25.2,24.0,94,82.5,59,18,6.3,1
2022-9-18,HoChiMinh,32.0,28.3,26.0,26.0,24.6,24.0,94,81.9,62,21,6.5,1
2022-9-19,HoChiMinh,33.0,27.4,24.0,26.0,24.7,23.0,100,86.0,59,13,4.9,0
2022-9-20,HoChiMinh,32.0,27.7,25.0,26.0,24.8,24.0,100,85.2,62,16,5.7,0
2022-9-21,HoChiMinh,34.0,28.3,25.0,26.0,24.7,24.0,100,82.2,56,14,6.8,2
2022-9-22,HoChiMinh,32.0,27.9,26.0,25.0,24.7,24.0,94,83.7,62,16,8.1,3
2022-9-23,HoChiMinh,33.0,28.4,25.0,26.0,24.7,24.0,100,81.7,59,15,5.7,0
2022-9-24,HoChiMinh,32.0,27.8,26.0,26.0,25.0,24.0,94,85.4,66,10,4.3,0
2022-9-25,HoChiMinh,32.0,27.3,24.0,26.0,24.9,24.0,100,87.7,70,24,5.2,1
2022-9-26,HoChiMinh,32.0,25.9,24.0,26.0,24.2,23.0,100,90.9,66,16,4.7,0
2022-9-27,HoChiMinh,30.0,26.1,23.0,26.0,24.2,23.0,100,89.8,74,15,7.1,1
2022-9-28,HoChiMinh,31.0,26.8,25.0,26.0,24.7,24.0,100,89.2,70,25,13.0,3
2022-9-29,HoChiMinh,30.0,25.9,24.0,26.0,24.6,24.0,100,92.8,74,22,8.7,3
2022-9-30,HoChiMinh,31.0,27.6,25.0,27.0,25.3,25.0,100,88.0,70,14,6.3,2
2022-10-1,HoChiMinh,33.0,27.7,24.0,26.0,25.2,24.0,100,87.3,62,17,4.8,0
2022-10-2,HoChiMinh,32.0,27.4,25.0,27.0,25.1,24.0,100,88.2,66,13,4.4,1
2022-10-3,HoChiMinh,32.0,28.3,25.0,26.0,25.1,24.0,100,82.9,66,14,6.5,1
2022-10-4,HoChiMinh,32.0,28.5,25.0,26.0,24.9,23.0,100,82.0,62,15,6.0,2
2022-10-5,HoChiMinh,33.0,28.6,25.0,26.0,24.7,24.0,94,80.2,62,12,6.3,1
2022-10-6,HoChiMinh,31.0,27.5,25.0,26.0,25.2,24.0,100,87.6,70,12,5.3,2
2022-10-7,HoChiMinh,34.0,28.3,25.0,26.0,25.2,23.0,100,84.6,52,18,3.7,1
2022-10-8,HoChiMinh,29.0,26.0,25.0,26.0,25.1,24.0,100,95.0,84,9,4.5,0
2022-10-9,HoChiMinh,31.0,27.1,24.0,27.0,25.4,24.0,100,90.6,74,9,3.8,0
2022-10-10,HoChiMinh,32.0,27.3,24.0,27.0,24.8,23.0,100,87.6,66,13,3.7,1
2022-10-11,HoChiMinh,32.0,26.8,24.0,27.0,24.8,23.0,100,89.5,62,8,3.6,0
2022-10-12,HoChiMinh,33.0,28.7,25.0,26.0,24.6,23.0,100,80.2,55,8,4.6,0
2022-10-13,HoChiMinh,33.0,28.6,25.0,26.0,23.8,21.0,100,77.0,49,15,6.0,0
2022-10-14,HoChiMinh,31.0,27.6,25.0,25.0,23.7,21.0,94,80.5,62,13,5.9,2
2022-10-15,HoChiMinh,30.0,26.3,23.0,23.0,22.5,22.0,100,80.4,62,10,5.9,2
2022-10-16,HoChiMinh,33.0,27.0,22.0,25.0,22.7,21.0,100,79.1,52,8,5.4,2
2022-10-17,HoChiMinh,34.0,28.5,24.0,25.0,24.2,23.0,100,79.2,55,10,5.5,1
2022-10-18,HoChiMinh,34.0,28.5,25.0,26.0,24.7,23.0,100,81.8,55,9,4.9,1
2022-10-19,HoChiMinh,29.0,25.9,24.0,26.0,25.1,24.0,100,95.5,84,10,5.4,1
2022-10-20,HoChiMinh,29.0,26.5,24.0,26.0,24.9,24.0,100,91.4,79,12,6.7,2
2022-10-21,HoChiMinh,33.0,28.7,25.0,26.0,24.8,23.0,100,81.0,59,13,5.4,0
2022-10-22,HoChiMinh,33.0,28.9,26.0,27.0,25.3,24.0,100,81.8,59,9,4.2,1
2022-10-23,HoChiMinh,33.0,28.1,25.0,26.0,25.3,24.0,100,86.4,59,12,3.5,0
2022-10-24,HoChiMinh,35.0,28.4,23.0,27.0,25.1,22.0,100,84.2,49,15,4.2,0
2022-10-25,HoChiMinh,32.0,27.4,24.0,27.0,25.4,24.0,100,89.1,74,9,5.2,0
2022-10-26,HoChiMinh,33.0,28.7,25.0,27.0,25.8,25.0,100,84.8,66,10,4.3,0
2022-10-27,HoChiMinh,32.0,26.9,25.0,27.0,25.6,24.0,100,92.6,70,9,4.5,1
2022-10-28,HoChiMinh,30.0,27.3,25.0,27.0,25.6,24.0,100,90.1,74,8,3.4,0
2022-10-29,HoChiMinh,33.0,27.7,24.0,26.0,23.3,22.0,89,78.6,52,9,4.7,1
2022-10-30,HoChiMinh,33.0,28.8,26.0,24.0,22.7,21.0,89,70.5,49,12,5.6,1
2022-10-31,HoChiMinh,34.0,28.6,24.0,26.0,22.4,19.0,94,70.7,43,10,5.4,1
2022-11-1,HoChiMinh,32.0,28.1,25.0,26.0,24.4,22.0,100,81.8,58,9,5.0,2
2022-11-2,HoChiMinh,31.0,27.4,25.0,26.0,24.3,23.0,100,84.1,62,10,3.8,0
2022-11-3,HoChiMinh,29.0,26.0,24.0,25.0,23.9,23.0,100,89.2,74,8,4.2,0
2022-11-4,HoChiMinh,30.0,26.2,24.0,26.0,24.4,23.0,100,90.7,70,9,3.5,0
2022-11-5,HoChiMinh,33.0,27.6,24.0,26.0,23.7,20.0,100,81.5,52,10,4.7,0
2022-11-6,HoChiMinh,33.0,27.6,24.0,26.0,24.3,23.0,100,84.1,55,9,3.2,1
2022-11-7,HoChiMinh,33.0,27.6,24.0,27.0,25.6,24.0,100,89.0,66,10,3.2,0
2022-11-8,HoChiMinh,33.0,28.6,25.0,27.0,25.0,21.0,100,82.5,52,9,3.7,0
2022-11-9,HoChiMinh,34.0,29.1,25.0,26.0,25.2,23.0,100,80.5,55,8,3.0,0
2022-11-10,HoChiMinh,35.0,28.7,25.0,27.0,25.8,23.0,100,86.2,53,7,2.9,0
2022-11-11,HoChiMinh,33.0,29.2,26.0,27.0,25.7,24.0,100,82.1,59,10,4.3,1
2022-11-12,HoChiMinh,33.0,27.9,26.0,27.0,25.3,23.0,100,87.0,55,14,3.5,1
2022-11-13,HoChiMinh,32.0,27.8,25.0,27.0,25.7,25.0,100,88.6,70,13,5.7,1
2022-11-14,HoChiMinh,33.0,28.3,25.0,27.0,25.3,23.0,100,84.8,59,12,5.0,1
2022-11-15,HoChiMinh,33.0,28.1,25.0,26.0,25.2,24.0,100,84.7,59,15,4.5,0
2022-11-16,HoChiMinh,34.0,28.2,24.0,27.0,25.1,23.0,100,84.7,52,17,4.3,0
2022-11-17,HoChiMinh,33.0,28.2,25.0,27.0,25.2,23.0,100,85.2,59,12,3.3,0
2022-11-18,HoChiMinh,33.0,28.4,25.0,27.0,25.9,24.0,100,86.7,59,13,4.9,1
2022-11-19,HoChiMinh,28.0,26.1,25.0,26.0,24.8,24.0,100,93.2,79,12,4.7,0
2022-11-20,HoChiMinh,27.0,25.8,25.0,26.0,24.9,24.0,100,94.9,89,9,4.0,0
2022-11-21,HoChiMinh,29.0,26.2,24.0,26.0,24.9,24.0,100,93.0,79,6,2.9,1
2022-11-22,HoChiMinh,29.0,26.3,24.0,27.0,25.6,24.0,100,95.6,84,13,2.9,0
2022-11-23,HoChiMinh,30.0,26.4,25.0,28.0,25.7,25.0,100,95.8,79,15,6.2,1
2022-11-24,HoChiMinh,30.0,26.8,25.0,27.0,25.8,24.0,100,93.5,79,14,8.0,2
2022-11-25,HoChiMinh,32.0,28.1,25.0,27.0,25.6,24.0,100,86.7,70,12,7.3,3
2022-11-26,HoChiMinh,33.0,26.9,25.0,26.0,24.3,22.0,100,84.4,52,15,4.8,1
2022-11-27,HoChiMinh,33.0,28.6,26.0,26.0,25.4,25.0,94,83.3,63,12,7.7,3
2022-11-28,HoChiMinh,33.0,28.7,26.0,26.0,25.6,24.0,100,83.8,59,10,6.8,3
2022-11-29,HoChiMinh,33.0,29.1,26.0,26.0,24.2,22.0,94,76.2,52,12,6.7,1
2022-11-30,HoChiMinh,34.0,29.2,25.0,26.0,24.5,21.0,100,77.1,49,9,4.3,1
2022-12-1,HoChiMinh,33.0,29.3,26.0,27.0,24.7,20.0,100,77.7,46,13,3.8,0
2022-12-2,HoChiMinh,34.0,28.1,24.0,25.0,23.1,21.0,100,76.3,46,25,7.4,1
2022-12-3,HoChiMinh,32.0,26.8,23.0,26.0,23.9,23.0,100,86.0,59,17,6.2,0
2022-12-4,HoChiMinh,33.0,27.5,23.0,25.0,23.4,22.0,100,80.5,55,13,6.6,0
2022-12-5,HoChiMinh,33.0,28.6,24.0,26.0,24.6,22.0,100,80.2,52,9,4.4,0
2022-12-6,HoChiMinh,34.0,28.2,25.0,26.0,24.7,22.0,100,82.7,49,12,3.7,0
2022-12-7,HoChiMinh,32.0,27.1,25.0,26.0,24.8,23.0,100,88.3,62,6,3.0,1
2022-12-8,HoChiMinh,34.0,28.6,24.0,26.0,24.2,20.0,100,79.0,46,9,3.2,0
2022-12-9,HoChiMinh,33.0,28.2,25.0,26.0,24.2,22.0,100,80.5,52,8,4.0,1
2022-12-10,HoChiMinh,32.0,27.6,24.0,25.0,24.2,22.0,100,82.8,59,9,4.2,0
2022-12-11,HoChiMinh,33.0,27.7,24.0,25.0,23.4,20.0,100,79.8,46,13,5.1,1
2022-12-12,HoChiMinh,32.0,27.4,23.0,24.0,21.9,17.0,100,74.8,40,12,5.6,2
2022-12-13,HoChiMinh,33.0,26.9,22.0,23.0,19.4,14.0,94,67.0,33,12,4.9,1
2022-12-14,HoChiMinh,31.0,26.6,23.0,24.0,22.6,20.0,100,79.7,55,8,3.2,0
2022-12-15,HoChiMinh,33.0,27.2,22.0,25.0,22.2,20.0,94,75.4,49,6,3.5,0
2022-12-16,HoChiMinh,33.0,28.8,25.0,26.0,24.5,22.0,100,79.4,55,8,4.9,0
2022-12-17,HoChiMinh,31.0,28.0,25.0,25.0,23.1,21.0,94,75.7,55,10,6.1,2
2022-12-18,HoChiMinh,32.0,27.4,24.0,21.0,18.9,16.0,78,61.0,43,17,11.4,6
2022-12-19,HoChiMinh,32.0,26.5,22.0,22.0,18.6,16.0,78,63.3,43,9,5.4,1
2022-12-20,HoChiMinh,32.0,27.1,22.0,24.0,21.0,19.0,88,70.8,49,8,4.2,1
2022-12-21,HoChiMinh,33.0,27.7,24.0,26.0,23.3,21.0,94,79.6,49,9,4.2,0
2022-12-22,HoChiMinh,32.0,27.6,24.0,25.0,22.4,19.0,100,75.6,49,12,4.7,0
2022-12-23,HoChiMinh,32.0,26.2,21.0,24.0,17.6,13.0,100,62.8,33,10,5.8,3
2022-12-24,HoChiMinh,30.0,24.7,19.0,18.0,17.0,15.0,88,63.2,43,10,5.1,0
2022-12-25,HoChiMinh,30.0,25.1,21.0,21.0,17.1,15.0,88,62.0,40,8,4.2,1
2022-12-26,HoChiMinh,31.0,25.7,20.0,23.0,19.4,14.0,100,71.3,37,10,4.3,1
2022-12-27,HoChiMinh,29.0,25.2,21.0,22.0,20.9,19.0,94,77.6,55,7,2.9,0
2022-12-28,HoChiMinh,32.0,26.4,21.0,23.0,20.2,16.0,100,72.9,38,8,3.6,0
2022-12-29,HoChiMinh,33.0,27.7,24.0,25.0,21.9,17.0,94,73.5,40,8,4.5,1
2022-12-30,HoChiMinh,31.0,27.3,24.0,25.0,22.9,19.0,100,79.1,51,9,4.6,1
2022-12-31,HoChiMinh,30.0,25.9,23.0,21.0,18.2,17.0,78,62.8,48,9,5.7,2
2023-1-1,HoChiMinh,31.0,26.4,23.0,22.0,19.7,18.0,83,66.9,51,9,5.7,2
2023-1-2,HoChiMinh,32.0,26.7,23.0,25.0,22.7,20.0,94,79.7,58,7,3.7,1
2023-1-3,HoChiMinh,33.0,28.1,24.0,25.0,22.3,19.0,100,73.2,46,12,6.1,1
2023-1-4,HoChiMinh,33.0,27.7,24.0,21.0,20.0,19.0,83,64.1,46,14,8.8,2
2023-1-5,HoChiMinh,29.0,25.8,23.0,22.0,20.6,20.0,88,72.7,62,16,10.8,7
2023-1-6,HoChiMinh,30.0,25.7,22.0,21.0,19.6,19.0,94,70.3,51,15,9.2,3
2023-1-7,HoChiMinh,29.0,25.8,24.0,20.0,19.0,19.0,73,66.3,55,14,8.6,6
2023-1-8,HoChiMinh,30.0,25.9,23.0,23.0,20.7,19.0,89,73.2,55,8,4.0,1
2023-1-9,HoChiMinh,31.0,26.8,24.0,25.0,23.9,23.0,100,85.8,62,13,5.2,1
2023-1-10,HoChiMinh,29.0,26.3,24.0,26.0,23.9,23.0,100,87.9,74,14,7.4,1
2023-1-11,HoChiMinh,30.0,27.2,25.0,24.0,23.0,23.0,94,79.3,66,12,6.7,0
2023-1-12,HoChiMinh,31.0,27.6,25.0,24.0,23.4,23.0,94,79.3,62,10,7.7,2
2023-1-13,HoChiMinh,32.0,27.8,24.0,26.0,24.1,22.0,100,81.7,55,8,4.9,1
2023-1-14,HoChiMinh,34.0,28.7,25.0,26.0,24.3,22.0,100,78.8,49,8,4.4,1
2023-1-15,HoChiMinh,34.0,28.6,25.0,26.0,22.4,18.0,100,73.1,38,12,4.6,1
2023-1-16,HoChiMinh,34.0,28.5,25.0,25.0,23.2,18.0,94,75.7,41,12,5.4,1
2023-1-17,HoChiMinh,33.0,27.4,23.0,24.0,22.3,18.0,100,76.1,43,13,4.3,1
2023-1-18,HoChiMinh,32.0,27.2,23.0,24.0,20.3,18.0,94,66.8,46,12,4.2,1
2023-1-19,HoChiMinh,33.0,27.7,23.0,25.0,20.0,17.0,84,64.7,43,10,5.2,1
2023-1-20,HoChiMinh,33.0,27.6,23.0,25.0,22.2,20.0,89,73.4,49,8,4.6,0
2023-1-21,HoChiMinh,34.0,28.9,23.0,25.0,21.8,19.0,89,67.6,41,8,3.8,1
2023-1-22,HoChiMinh,33.0,28.9,25.0,26.0,23.3,21.0,100,73.1,49,13,3.8,0
2023-1-23,HoChiMinh,34.0,29.2,25.0,25.0,23.1,20.0,94,71.7,46,12,4.5,1
2023-1-24,HoChiMinh,35.0,28.2,24.0,25.0,22.0,17.0,100,72.2,34,13,5.4,1
2023-1-25,HoChiMinh,32.0,26.6,23.0,22.0,19.1,16.0,83,64.7,38,9,5.4,1
2023-1-26,HoChiMinh,32.0,26.9,23.0,24.0,18.7,17.0,84,62.0,40,9,4.5,1
2023-1-27,HoChiMinh,33.0,27.6,24.0,26.0,22.5,18.0,94,75.6,49,9,4.1,0
2023-1-28,HoChiMinh,32.0,27.1,23.0,23.0,18.2,16.0,78,59.3,43,13,6.9,1
2023-1-29,HoChiMinh,31.0,25.7,23.0,19.0,17.1,16.0,69,58.9,43,10,5.6,0
2023-1-30,HoChiMinh,30.0,25.2,21.0,22.0,18.1,14.0,83,65.3,51,9,6.0,1
2023-1-31,HoChiMinh,33.0,27.1,21.0,23.0,20.9,19.0,94,71.4,43,10,4.3,1
2023-2-1,HoChiMinh,31.0,27.4,24.0,24.0,22.3,19.0,94,75.3,52,8,4.6,0
2023-2-2,HoChiMinh,32.0,27.8,25.0,27.0,23.6,22.0,100,79.3,58,13,5.1,1
2023-2-3,HoChiMinh,34.0,29.4,25.0,24.0,21.9,20.0,89,65.7,44,14,7.6,2
2023-2-4,HoChiMinh,36.0,29.1,24.0,23.0,21.1,18.0,94,64.3,37,14,7.7,1
2023-2-5,HoChiMinh,35.0,28.4,23.0,23.0,21.0,18.0,94,66.2,36,10,5.5,1
2023-2-6,HoChiMinh,34.0,28.9,25.0,23.0,21.4,19.0,89,65.0,41,13,7.8,2
2023-2-7,HoChiMinh,34.0,28.8,26.0,24.0,22.5,21.0,84,69.8,46,14,8.6,5
2023-2-8,HoChiMinh,35.0,29.0,25.0,25.0,22.4,20.0,89,69.8,41,12,5.0,0
2023-2-9,HoChiMinh,35.0,29.4,26.0,23.0,21.6,20.0,83,63.2,41,15,9.3,3
2023-2-10,HoChiMinh,35.0,29.2,25.0,23.0,20.2,17.0,79,60.2,34,15,8.9,2
2023-2-11,HoChiMinh,35.0,28.8,25.0,24.0,22.2,20.0,89,69.7,41,14,8.1,2
2023-2-12,HoChiMinh,34.0,28.9,25.0,25.0,22.7,22.0,94,70.4,49,13,6.5,1
2023-2-13,HoChiMinh,33.0,28.6,26.0,25.0,23.6,22.0,89,75.5,52,14,7.7,1
2023-2-14,HoChiMinh,33.0,27.9,25.0,25.0,23.4,22.0,100,78.5,52,14,5.8,0
2023-2-15,HoChiMinh,35.0,28.7,25.0,23.0,21.7,18.0,89,67.4,36,12,5.5,0
2023-2-16,HoChiMinh,34.0,27.8,22.0,23.0,19.9,15.0,94,64.9,34,13,3.8,0
2023-2-17,HoChiMinh,34.0,28.3,23.0,23.0,20.3,17.0,83,63.1,38,10,5.5,0
2023-2-18,HoChiMinh,33.0,27.8,25.0,25.0,23.3,21.0,89,78.3,52,12,4.4,0
2023-2-19,HoChiMinh,34.0,28.0,25.0,25.0,22.9,20.0,94,76.2,44,14,5.1,0
2023-2-20,HoChiMinh,33.0,27.6,24.0,24.0,21.9,18.0,100,74.7,43,13,4.6,1
2023-2-21,HoChiMinh,34.0,27.8,23.0,24.0,20.9,17.0,94,69.3,36,13,4.8,1
2023-2-22,HoChiMinh,33.0,27.6,23.0,23.0,21.2,18.0,94,70.7,41,10,4.2,0
2023-2-23,HoChiMinh,33.0,27.9,24.0,23.0,21.4,19.0,94,69.2,46,13,4.1,0
2023-2-24,HoChiMinh,34.0,27.7,24.0,24.0,21.4,17.0,94,71.6,36,14,5.1,0
2023-2-25,HoChiMinh,33.0,27.2,23.0,22.0,19.6,16.0,89,64.8,38,12,3.9,1
2023-2-26,HoChiMinh,34.0,27.8,22.0,21.0,17.4,15.0,78,54.7,32,10,6.4,2
2023-2-27,HoChiMinh,35.0,27.8,22.0,23.0,18.5,16.0,79,57.9,34,13,5.3,1
2023-2-28,HoChiMinh,34.0,28.5,24.0,24.0,20.9,18.0,84,65.0,38,9,5.0,2
2023-3-1,HoChiMinh,35.0,29.0,25.0,25.0,22.4,19.0,94,70.0,39,15,4.8,0
2023-3-2,HoChiMinh,35.0,29.1,24.0,23.0,21.4,19.0,89,64.5,41,10,5.3,2
2023-3-3,HoChiMinh,33.0,27.8,23.0,22.0,19.8,17.0,83,63.0,43,12,5.5,2
2023-3-4,HoChiMinh,32.0,27.1,22.0,23.0,19.3,17.0,94,64.5,40,9,4.1,1
2023-3-5,HoChiMinh,34.0,27.1,22.0,22.0,17.5,13.0,83,58.6,28,10,5.2,1
2023-3-6,HoChiMinh,32.0,26.7,22.0,21.0,18.7,17.0,83,62.5,43,16,5.8,1
2023-3-7,HoChiMinh,34.0,27.1,21.0,21.0,18.9,15.0,94,62.9,32,13,5.3,0
2023-3-8,HoChiMinh,34.0,27.2,22.0,22.0,19.6,16.0,94,65.7,36,13,4.9,1
2023-3-9,HoChiMinh,34.0,26.3,25.0,22.0,18.6,22.0,89,63.1,52,12,6.0,1
2023-3-10,HoChiMinh,33.0,26.8,22.0,22.0,20.4,17.0,94,70.0,38,13,5.8,1
2023-3-11,HoChiMinh,34.0,27.4,23.0,22.0,20.9,17.0,94,69.1,41,14,6.6,1
2023-3-12,HoChiMinh,33.0,27.4,24.0,22.0,20.9,17.0,89,69.1,40,12,7.0,2
2023-3-13,HoChiMinh,33.0,27.7,23.0,23.0,19.7,15.0,94,63.6,34,13,5.0,0
2023-3-14,HoChiMinh,34.0,27.7,23.0,22.0,19.0,14.0,94,62.7,30,13,5.1,0
2023-3-15,HoChiMinh,33.0,26.9,23.0,22.0,20.6,17.0,89,70.9,38,12,7.3,3
2023-3-16,HoChiMinh,35.0,29.6,25.0,22.0,19.4,17.0,78,56.2,34,15,8.4,3
2023-3-17,HoChiMinh,35.0,28.4,24.0,23.0,21.3,19.0,89,67.0,39,13,6.7,2
2023-3-18,HoChiMinh,34.0,28.6,25.0,22.0,21.8,20.0,83,67.0,44,13,7.7,2
2023-3-19,HoChiMinh,36.0,29.7,26.0,23.0,21.6,19.0,83,63.6,37,13,9.2,3
2023-3-20,HoChiMinh,34.0,29.2,26.0,24.0,22.8,21.0,89,70.3,46,14,7.9,2
2023-3-21,HoChiMinh,35.0,29.2,26.0,25.0,23.7,21.0,89,74.8,49,13,7.2,2
2023-3-22,HoChiMinh,35.0,29.0,26.0,25.0,23.7,21.0,94,75.3,49,13,7.4,2
2023-3-23,HoChiMinh,34.0,29.3,26.0,25.0,24.0,21.0,94,74.7,49,10,6.7,3
2023-3-24,HoChiMinh,35.0,29.4,26.0,25.0,24.3,23.0,94,76.0,49,15,7.0,2
2023-3-25,HoChiMinh,33.0,28.9,26.0,25.0,23.8,22.0,94,76.0,52,12,7.5,5
2023-3-26,HoChiMinh,36.0,29.5,25.0,25.0,23.6,18.0,100,73.0,44,13,5.8,1
2023-3-27,HoChiMinh,34.0,29.6,27.0,26.0,24.3,22.0,89,75.0,49,14,7.9,3
2023-3-28,HoChiMinh,36.0,30.2,27.0,26.0,24.6,22.0,94,73.4,44,15,10.6,5
2023-3-29,HoChiMinh,36.0,30.1,26.0,25.0,22.2,18.0,89,64.7,36,13,7.5,3
2023-3-30,HoChiMinh,34.0,29.5,27.0,25.0,23.7,22.0,89,72.4,52,15,7.8,3
2023-3-31,HoChiMinh,33.0,29.2,27.0,25.0,24.2,23.0,89,75.5,55,12,8.4,5
2023-4-1,HoChiMinh,34.0,29.1,27.0,26.0,24.6,24.0,89,77.4,59,12,7.4,3
2023-4-2,HoChiMinh,36.0,29.7,25.0,26.0,23.8,20.0,100,73.2,39,13,6.3,2
2023-4-3,HoChiMinh,35.0,29.2,26.0,26.0,24.7,22.0,94,77.8,47,12,5.8,1
2023-4-4,HoChiMinh,36.0,30.2,26.0,26.0,24.9,22.0,94,75.2,44,14,6.3,1
2023-4-5,HoChiMinh,35.0,30.2,27.0,26.0,24.9,22.0,94,74.6,49,14,7.6,3
2023-4-6,HoChiMinh,35.0,30.3,26.0,26.0,24.9,22.0,94,74.8,49,13,6.0,0
2023-4-7,HoChiMinh,35.0,30.4,28.0,26.0,24.8,23.0,89,72.8,49,13,8.7,3
2023-4-8,HoChiMinh,37.0,31.0,27.0,26.0,23.8,19.0,94,68.1,35,10,7.9,3
2023-4-9,HoChiMinh,36.0,30.7,28.0,26.0,24.8,21.0,89,72.3,41,14,5.7,1
2023-4-10,HoChiMinh,35.0,30.1,26.0,26.0,25.3,23.0,100,76.3,49,12,5.1,0
2023-4-11,HoChiMinh,34.0,30.1,28.0,26.0,25.2,24.0,89,75.3,56,10,6.8,3
2023-4-12,HoChiMinh,35.0,30.0,27.0,27.0,26.1,24.0,94,79.4,53,10,6.2,3
2023-4-13,HoChiMinh,36.0,30.8,28.0,27.0,26.3,24.0,94,77.2,50,12,6.2,2
2023-4-14,HoChiMinh,35.0,31.0,29.0,28.0,27.1,25.0,89,79.8,56,12,6.5,2
2023-4-15,HoChiMinh,35.0,30.1,23.0,29.0,26.8,23.0,100,82.8,59,14,7.3,2
2023-4-16,HoChiMinh,35.0,28.8,25.0,27.0,25.8,24.0,100,84.5,56,10,4.6,0
2023-4-17,HoChiMinh,34.0,30.1,27.0,27.0,26.7,25.0,100,82.0,63,13,7.6,2
2023-4-18,HoChiMinh,34.0,30.2,28.0,27.0,25.5,23.0,94,76.5,52,13,7.2,5
2023-4-19,HoChiMinh,34.0,30.2,28.0,27.0,26.4,25.0,94,79.7,59,12,6.3,1
2023-4-20,HoChiMinh,36.0,30.8,28.0,29.0,26.8,24.0,94,79.6,53,10,7.8,3
2023-4-21,HoChiMinh,36.0,31.1,28.0,29.0,27.4,24.0,100,82.3,50,13,7.9,3
2023-4-22,HoChiMinh,36.0,31.6,29.0,28.0,27.1,24.0,94,79.0,50,13,7.9,5
2023-4-23,HoChiMinh,36.0,31.2,28.0,28.0,25.6,21.0,94,73.7,41,12,7.8,3
2023-4-24,HoChiMinh,37.0,30.9,27.0,27.0,25.7,22.0,94,74.8,42,13,6.2,1
2023-4-25,HoChiMinh,37.0,31.4,28.0,26.0,24.6,19.0,89,69.3,35,12,8.7,3
2023-4-26,HoChiMinh,35.0,30.9,28.0,26.0,24.7,22.0,84,69.8,47,12,6.7,1
2023-4-27,HoChiMinh,36.0,31.3,28.0,26.0,24.7,21.0,89,69.0,41,14,7.1,2
2023-4-28,HoChiMinh,36.0,31.2,28.0,26.0,24.7,22.0,89,69.3,44,14,8.3,3
2023-4-29,HoChiMinh,35.0,31.1,28.0,27.0,25.2,23.0,89,71.5,49,12,8.3,3
2023-4-30,HoChiMinh,37.0,30.9,27.0,27.0,25.7,24.0,94,74.8,47,15,7.0,2
2023-5-1,HoChiMinh,37.0,30.9,25.0,26.0,24.3,21.0,100,69.7,39,13,7.3,3
2023-5-2,HoChiMinh,37.0,31.9,28.0,25.0,23.5,21.0,84,62.5,39,14,8.3,3
2023-5-3,HoChiMinh,37.0,32.1,29.0,26.0,24.0,21.0,79,63.6,41,13,9.3,5
2023-5-4,HoChiMinh,36.0,31.4,29.0,27.0,24.9,20.0,89,69.6,44,14,8.7,3
2023-5-5,HoChiMinh,35.0,31.4,28.0,28.0,26.4,24.0,94,75.2,56,13,6.4,2
2023-5-6,HoChiMinh,38.0,32.4,28.0,29.0,26.1,22.0,94,71.9,39,13,7.6,5
2023-5-7,HoChiMinh,36.0,31.6,29.0,29.0,27.3,25.0,94,79.1,53,13,8.8,5
2023-5-8,HoChiMinh,35.0,29.5,25.0,28.0,26.3,23.0,100,84.4,53,18,7.3,1
2023-5-9,HoChiMinh,33.0,27.9,26.0,27.0,25.9,24.0,100,89.3,66,14,4.3,0
2023-5-10,HoChiMinh,36.0,30.1,26.0,28.0,26.3,24.0,100,81.2,53,14,5.4,1
2023-5-11,HoChiMinh,34.0,30.3,28.0,28.0,27.1,26.0,94,82.0,66,10,5.4,0
2023-5-12,HoChiMinh,34.0,29.6,27.0,27.0,26.6,25.0,100,83.7,63,17,6.3,2
2023-5-13,HoChiMinh,35.0,30.3,27.0,29.0,26.9,25.0,100,81.9,56,12,5.3,1
2023-5-14,HoChiMinh,36.0,31.2,28.0,28.0,26.1,23.0,94,74.8,50,14,7.7,2
2023-5-15,HoChiMinh,36.0,30.2,27.0,27.0,25.7,23.0,100,77.8,50,14,5.0,0
2023-5-16,HoChiMinh,34.0,29.2,25.0,28.0,26.7,24.0,100,86.3,66,25,5.8,1
2023-5-17,HoChiMinh,35.0,29.8,27.0,29.0,27.1,24.0,100,85.6,56,15,5.2,0
2023-5-18,HoChiMinh,36.0,30.7,26.0,29.0,26.2,24.0,100,78.4,50,13,6.7,1
2023-5-19,HoChiMinh,36.0,31.7,28.0,28.0,26.3,22.0,94,74.7,44,15,7.8,3
2023-5-20,HoChiMinh,34.0,30.1,24.0,29.0,26.7,23.0,94,82.7,63,28,7.5,2
2023-5-21,HoChiMinh,33.0,28.0,25.0,29.0,26.3,24.0,100,90.9,75,21,5.5,1
2023-5-22,HoChiMinh,35.0,28.8,25.0,27.0,26.2,24.0,100,86.2,56,16,5.5,0
2023-5-23,HoChiMinh,35.0,30.2,27.0,28.0,26.3,24.0,100,80.7,53,13,6.8,0
2023-5-24,HoChiMinh,35.0,30.3,28.0,28.0,26.4,24.0,94,80.2,53,16,7.9,3
2023-5-25,HoChiMinh,35.0,30.1,28.0,28.0,26.6,25.0,94,81.1,59,15,6.7,0
2023-5-26,HoChiMinh,33.0,28.3,26.0,28.0,26.6,25.0,100,89.5,71,13,6.2,2
2023-5-27,HoChiMinh,32.0,26.5,23.0,27.0,25.4,23.0,100,94.5,75,13,4.7,1
2023-5-28,HoChiMinh,32.0,27.7,25.0,28.0,26.0,25.0,100,90.7,75,15,4.8,0
2023-5-29,HoChiMinh,34.0,28.9,27.0,27.0,26.4,26.0,100,86.7,66,13,5.9,1
2023-5-30,HoChiMinh,34.0,29.4,26.0,28.0,26.4,24.0,100,84.1,56,18,8.0,0
2023-5-31,HoChiMinh,34.0,29.0,27.0,29.0,26.8,26.0,100,88.0,63,20,9.6,1
